Date,Building_ID,Apartment_ID,Household_Members,Daily_Consumption_Liters,Night_Flow_2AM_5AM_Liters,Household_Scenario,Building_Wide_Case,Smart_Form_Required,Smart_Form_User_Response,Expected_Status,Leak_Type
2026-06-29,B101,A101,4,705.4,0.8,Normal Household,Normal Building,No,,Normal,None
2026-06-30,B101,A101,4,672.0,1.5,Normal Household,Normal Building,No,,Normal,None
2026-07-01,B101,A101,4,745.7,1.3,Normal Household,Normal Building,No,,Normal,None
2026-07-02,B101,A101,4,703.0,0.5,Normal Household,Normal Building,No,,Normal,None
2026-07-03,B101,A101,4,753.4,0.8,Normal Household,Normal Building,No,,Normal,None
2026-07-04,B101,A101,4,780.5,0.5,Normal Household,Normal Building,No,,Normal,None
2026-07-05,B101,A101,4,697.1,0.5,Normal Household,Normal Building,No,,Normal,None
2026-07-06,B101,A101,4,721.3,1.0,Normal Household,Normal Building,No,,Normal,None
2026-07-07,B101,A101,4,692.2,1.1,Normal Household,Normal Building,No,,Normal,None
2026-07-08,B101,A101,4,669.3,0.7,Normal Household,Normal Building,No,,Normal,None
2026-07-09,B101,A101,4,750.8,0.2,Normal Household,Normal Building,No,,Normal,None
2026-07-10,B101,A101,4,768.1,0.5,Normal Household,Normal Building,No,,Normal,None
2026-07-11,B101,A101,4,761.0,0.6,Normal Household,Normal Building,No,,Normal,None
2026-07-12,B101,A101,4,716.3,0.2,Normal Household,Normal Building,No,,Normal,None
2026-07-13,B101,A101,4,612.3,1.1,Normal Household,Normal Building,No,,Normal,None
2026-07-14,B101,A101,4,651.1,1.3,Normal Household,Normal Building,No,,Normal,None
2026-07-15,B101,A101,4,648.4,0.0,Normal Household,Normal Building,No,,Normal,None
2026-07-16,B101,A101,4,658.7,0.2,Normal Household,Normal Building,No,,Normal,None
2026-07-17,B101,A101,4,806.3,1.4,Normal Household,Normal Building,No,,Normal,None
2026-07-18,B101,A101,4,741.7,0.6,Normal Household,Normal Building,No,,Normal,None
2026-07-19,B101,A101,4,785.5,1.7,Normal Household,Normal Building,No,,Normal,None
2026-07-20,B101,A101,4,712.4,0.6,Normal Household,Normal Building,No,,Normal,None
2026-07-21,B101,A101,4,662.5,0.1,Normal Household,Normal Building,No,,Normal,None
2026-07-22,B101,A101,4,691.4,0.8,Normal Household,Normal Building,No,,Normal,None
2026-07-23,B101,A101,4,676.4,0.4,Normal Household,Normal Building,No,,Normal,None
2026-07-24,B101,A101,4,729.1,0.7,Normal Household,Normal Building,No,,Normal,None
2026-07-25,B101,A101,4,690.4,1.1,Normal Household,Normal Building,No,,Normal,None
2026-07-26,B101,A101,4,781.1,0.0,Normal Household,Normal Building,No,,Normal,None
2026-07-27,B101,A101,4,651.1,0.5,Normal Household,Normal Building,No,,Normal,None
2026-07-28,B101,A101,4,622.9,0.6,Normal Household,Normal Building,No,,Normal,None
2026-07-29,B101,A101,4,660.2,1.0,Normal Household,Normal Building,No,,Normal,None
2026-07-30,B101,A101,4,622.6,0.8,Normal Household,Normal Building,No,,Normal,None
2026-07-31,B101,A101,4,723.2,1.0,Normal Household,Normal Building,No,,Normal,None
2026-08-01,B101,A101,4,720.6,1.1,Normal Household,Normal Building,No,,Normal,None
2026-08-02,B101,A101,4,680.2,0.5,Normal Household,Normal Building,No,,Normal,None
2026-08-03,B101,A101,4,644.6,1.1,Normal Household,Normal Building,No,,Normal,None
2026-08-04,B101,A101,4,720.9,0.3,Normal Household,Normal Building,No,,Normal,None
2026-08-05,B101,A101,4,605.9,0.5,Normal Household,Normal Building,No,,Normal,None
2026-08-06,B101,A101,4,606.8,1.3,Normal Household,Normal Building,No,,Normal,None
2026-08-07,B101,A101,4,684.6,0.6,Normal Household,Normal Building,No,,Normal,None
2026-08-08,B101,A101,4,723.0,1.3,Normal Household,Normal Building,No,,Normal,None
2026-08-09,B101,A101,4,678.0,0.4,Normal Household,Normal Building,No,,Normal,None
2026-08-10,B101,A101,4,710.7,1.2,Normal Household,Normal Building,No,,Normal,None
2026-08-11,B101,A101,4,670.9,0.5,Normal Household,Normal Building,No,,Normal,None
2026-08-12,B101,A101,4,676.1,0.7,Normal Household,Normal Building,No,,Normal,None
2026-08-13,B101,A101,4,608.2,1.2,Normal Household,Normal Building,No,,Normal,None
2026-08-14,B101,A101,4,771.9,0.8,Normal Household,Normal Building,No,,Normal,None
2026-08-15,B101,A101,4,721.6,0.4,Normal Household,Normal Building,No,,Normal,None
2026-08-16,B101,A101,4,826.8,1.0,Normal Household,Normal Building,No,,Normal,None
2026-08-17,B101,A101,4,686.0,1.8,Normal Household,Normal Building,No,,Normal,None
2026-08-18,B101,A101,4,644.8,0.5,Normal Household,Normal Building,No,,Normal,None
2026-08-19,B101,A101,4,683.1,1.1,Normal Household,Normal Building,No,,Normal,None
2026-08-20,B101,A101,4,665.1,0.8,Normal Household,Normal Building,No,,Normal,None
2026-08-21,B101,A101,4,828.8,0.7,Normal Household,Normal Building,No,,Normal,None
2026-08-22,B101,A101,4,817.5,0.9,Normal Household,Normal Building,No,,Normal,None
2026-08-23,B101,A101,4,719.7,1.2,Normal Household,Normal Building,No,,Normal,None
2026-08-24,B101,A101,4,729.2,0.7,Normal Household,Normal Building,No,,Normal,None
2026-08-25,B101,A101,4,672.7,0.6,Normal Household,Normal Building,No,,Normal,None
2026-08-26,B101,A101,4,625.4,0.8,Normal Household,Normal Building,No,,Normal,None
2026-08-27,B101,A101,4,700.8,0.7,Normal Household,Normal Building,No,,Normal,None
2026-08-28,B101,A101,4,726.0,0.1,Normal Household,Normal Building,No,,Normal,None
2026-08-29,B101,A101,4,732.6,1.4,Normal Household,Normal Building,No,,Normal,None
2026-08-30,B101,A101,4,763.8,1.8,Normal Household,Normal Building,No,,Normal,None
2026-08-31,B101,A101,4,786.4,1.0,Normal Household,Normal Building,No,,Normal,None
2026-09-01,B101,A101,4,638.1,0.5,Normal Household,Normal Building,No,,Normal,None
2026-09-02,B101,A101,4,688.1,0.3,Normal Household,Normal Building,No,,Normal,None
2026-09-03,B101,A101,4,641.9,0.4,Normal Household,Normal Building,No,,Normal,None
2026-09-04,B101,A101,4,722.9,1.3,Normal Household,Normal Building,No,,Normal,None
2026-09-05,B101,A101,4,769.5,0.0,Normal Household,Normal Building,No,,Normal,None
2026-09-06,B101,A101,4,677.3,0.7,Normal Household,Normal Building,No,,Normal,None
2026-09-07,B101,A101,4,671.0,0.2,Normal Household,Normal Building,No,,Normal,None
2026-09-08,B101,A101,4,603.1,0.6,Normal Household,Normal Building,No,,Normal,None
2026-09-09,B101,A101,4,543.0,0.8,Normal Household,Normal Building,No,,Normal,None
2026-09-10,B101,A101,4,673.6,0.2,Normal Household,Normal Building,No,,Normal,None
2026-09-11,B101,A101,4,725.9,0.4,Normal Household,Normal Building,No,,Normal,None
2026-09-12,B101,A101,4,669.5,0.5,Normal Household,Normal Building,No,,Normal,None
2026-09-13,B101,A101,4,656.3,0.0,Normal Household,Normal Building,No,,Normal,None
2026-09-14,B101,A101,4,593.1,1.5,Normal Household,Normal Building,No,,Normal,None
2026-09-15,B101,A101,4,712.5,0.8,Normal Household,Normal Building,No,,Normal,None
2026-09-16,B101,A101,4,552.2,1.5,Normal Household,Normal Building,No,,Normal,None
2026-09-17,B101,A101,4,734.4,1.2,Normal Household,Normal Building,No,,Normal,None
2026-09-18,B101,A101,4,715.1,0.3,Normal Household,Normal Building,No,,Normal,None
2026-09-19,B101,A101,4,756.4,1.0,Normal Household,Normal Building,No,,Normal,None
2026-09-20,B101,A101,4,735.3,1.2,Normal Household,Normal Building,No,,Normal,None
2026-09-21,B101,A101,4,675.6,1.3,Normal Household,Normal Building,No,,Normal,None
2026-09-22,B101,A101,4,686.3,1.1,Normal Household,Normal Building,No,,Normal,None
2026-09-23,B101,A101,4,618.5,0.5,Normal Household,Normal Building,No,,Normal,None
2026-09-24,B101,A101,4,620.4,1.1,Normal Household,Normal Building,No,,Normal,None
2026-09-25,B101,A101,4,768.1,1.0,Normal Household,Normal Building,No,,Normal,None
2026-09-26,B101,A101,4,815.1,1.2,Normal Household,Normal Building,No,,Normal,None
2026-06-29,B101,A102,5,787.0,1.2,High Legitimate Usage,Normal Building,No,,Normal,None
2026-06-30,B101,A102,5,798.6,0.8,High Legitimate Usage,Normal Building,No,,Normal,None
2026-07-01,B101,A102,5,830.1,0.3,High Legitimate Usage,Normal Building,No,,Normal,None
2026-07-02,B101,A102,5,790.6,1.5,High Legitimate Usage,Normal Building,No,,Normal,None
2026-07-03,B101,A102,5,868.9,1.1,High Legitimate Usage,Normal Building,No,,Normal,None
2026-07-04,B101,A102,5,929.8,1.1,High Legitimate Usage,Normal Building,No,,Normal,None
2026-07-05,B101,A102,5,835.9,0.4,High Legitimate Usage,Normal Building,No,,Normal,None
2026-07-06,B101,A102,5,822.0,1.1,High Legitimate Usage,Normal Building,No,,Normal,None
2026-07-07,B101,A102,5,837.0,0.6,High Legitimate Usage,Normal Building,No,,Normal,None
2026-07-08,B101,A102,5,793.1,0.3,High Legitimate Usage,Normal Building,No,,Normal,None
2026-07-09,B101,A102,5,858.7,0.7,High Legitimate Usage,Normal Building,No,,Normal,None
2026-07-10,B101,A102,5,876.6,0.4,High Legitimate Usage,Normal Building,No,,Normal,None
2026-07-11,B101,A102,5,845.8,0.0,High Legitimate Usage,Normal Building,No,,Normal,None
2026-07-12,B101,A102,5,869.9,0.0,High Legitimate Usage,Normal Building,No,,Normal,None
2026-07-13,B101,A102,5,841.8,0.7,High Legitimate Usage,Normal Building,No,,Normal,None
2026-07-14,B101,A102,5,722.5,0.8,High Legitimate Usage,Normal Building,No,,Normal,None
2026-07-15,B101,A102,5,896.6,1.1,High Legitimate Usage,Normal Building,No,,Normal,None
2026-07-16,B101,A102,5,817.0,0.0,High Legitimate Usage,Normal Building,No,,Normal,None
2026-07-17,B101,A102,5,1799.1,0.8,High Legitimate Usage,Normal Building,Yes,,Smart Form Required,None
2026-07-18,B101,A102,5,1665.3,0.9,High Legitimate Usage,Normal Building,Yes,,Smart Form Required,None
2026-07-19,B101,A102,5,1816.0,0.9,High Legitimate Usage,Normal Building,Yes,Yes — expected high usage,Smart Form Required,None
2026-07-20,B101,A102,5,773.4,1.3,High Legitimate Usage,Normal Building,No,,Normal,None
2026-07-21,B101,A102,5,753.4,0.3,High Legitimate Usage,Normal Building,No,,Normal,None
2026-07-22,B101,A102,5,810.0,1.4,High Legitimate Usage,Normal Building,No,,Normal,None
2026-07-23,B101,A102,5,736.6,1.7,High Legitimate Usage,Normal Building,No,,Normal,None
2026-07-24,B101,A102,5,849.4,0.4,High Legitimate Usage,Normal Building,No,,Normal,None
2026-07-25,B101,A102,5,819.9,1.6,High Legitimate Usage,Normal Building,No,,Normal,None
2026-07-26,B101,A102,5,817.8,0.9,High Legitimate Usage,Normal Building,No,,Normal,None
2026-07-27,B101,A102,5,704.9,0.5,High Legitimate Usage,Normal Building,No,,Normal,None
2026-07-28,B101,A102,5,705.8,0.5,High Legitimate Usage,Normal Building,No,,Normal,None
2026-07-29,B101,A102,5,687.4,1.8,High Legitimate Usage,Normal Building,No,,Normal,None
2026-07-30,B101,A102,5,720.0,0.6,High Legitimate Usage,Normal Building,No,,Normal,None
2026-07-31,B101,A102,5,813.3,1.4,High Legitimate Usage,Normal Building,No,,Normal,None
2026-08-01,B101,A102,5,836.8,0.5,High Legitimate Usage,Normal Building,No,,Normal,None
2026-08-02,B101,A102,5,822.1,0.6,High Legitimate Usage,Normal Building,No,,Normal,None
2026-08-03,B101,A102,5,756.4,0.9,High Legitimate Usage,Normal Building,No,,Normal,None
2026-08-04,B101,A102,5,699.7,0.2,High Legitimate Usage,Normal Building,No,,Normal,None
2026-08-05,B101,A102,5,815.8,0.3,High Legitimate Usage,Normal Building,No,,Normal,None
2026-08-06,B101,A102,5,738.9,1.2,High Legitimate Usage,Normal Building,No,,Normal,None
2026-08-07,B101,A102,5,785.2,0.3,High Legitimate Usage,Normal Building,No,,Normal,None
2026-08-08,B101,A102,5,842.5,0.7,High Legitimate Usage,Normal Building,No,,Normal,None
2026-08-09,B101,A102,5,813.6,2.1,High Legitimate Usage,Normal Building,No,,Normal,None
2026-08-10,B101,A102,5,689.7,1.4,High Legitimate Usage,Normal Building,No,,Normal,None
2026-08-11,B101,A102,5,794.2,0.7,High Legitimate Usage,Normal Building,No,,Normal,None
2026-08-12,B101,A102,5,836.2,0.5,High Legitimate Usage,Normal Building,No,,Normal,None
2026-08-13,B101,A102,5,779.2,0.8,High Legitimate Usage,Normal Building,No,,Normal,None
2026-08-14,B101,A102,5,889.8,1.4,High Legitimate Usage,Normal Building,No,,Normal,None
2026-08-15,B101,A102,5,814.0,0.4,High Legitimate Usage,Normal Building,No,,Normal,None
2026-08-16,B101,A102,5,1659.0,1.0,High Legitimate Usage,Normal Building,Yes,,Smart Form Required,None
2026-08-17,B101,A102,5,1567.4,1.4,High Legitimate Usage,Normal Building,Yes,,Smart Form Required,None
2026-08-18,B101,A102,5,718.1,0.8,High Legitimate Usage,Normal Building,No,,Normal,None
2026-08-19,B101,A102,5,787.6,0.2,High Legitimate Usage,Normal Building,No,,Normal,None
2026-08-20,B101,A102,5,798.3,0.4,High Legitimate Usage,Normal Building,No,,Normal,None
2026-08-21,B101,A102,5,844.1,0.4,High Legitimate Usage,Normal Building,No,,Normal,None
2026-08-22,B101,A102,5,840.1,1.4,High Legitimate Usage,Normal Building,No,,Normal,None
2026-08-23,B101,A102,5,899.7,0.8,High Legitimate Usage,Normal Building,No,,Normal,None
2026-08-24,B101,A102,5,780.2,1.3,High Legitimate Usage,Normal Building,No,,Normal,None
2026-08-25,B101,A102,5,819.2,0.2,High Legitimate Usage,Normal Building,No,,Normal,None
2026-08-26,B101,A102,5,786.7,0.7,High Legitimate Usage,Normal Building,No,,Normal,None
2026-08-27,B101,A102,5,811.4,0.1,High Legitimate Usage,Normal Building,No,,Normal,None
2026-08-28,B101,A102,5,876.7,0.7,High Legitimate Usage,Normal Building,No,,Normal,None
2026-08-29,B101,A102,5,850.3,1.1,High Legitimate Usage,Normal Building,No,,Normal,None
2026-08-30,B101,A102,5,754.2,0.0,High Legitimate Usage,Normal Building,No,,Normal,None
2026-08-31,B101,A102,5,791.2,0.5,High Legitimate Usage,Normal Building,No,,Normal,None
2026-09-01,B101,A102,5,731.6,0.6,High Legitimate Usage,Normal Building,No,,Normal,None
2026-09-02,B101,A102,5,810.5,1.0,High Legitimate Usage,Normal Building,No,,Normal,None
2026-09-03,B101,A102,5,826.9,1.0,High Legitimate Usage,Normal Building,No,,Normal,None
2026-09-04,B101,A102,5,829.7,1.5,High Legitimate Usage,Normal Building,No,,Normal,None
2026-09-05,B101,A102,5,889.0,0.9,High Legitimate Usage,Normal Building,No,,Normal,None
2026-09-06,B101,A102,5,862.7,0.5,High Legitimate Usage,Normal Building,No,,Normal,None
2026-09-07,B101,A102,5,713.4,0.6,High Legitimate Usage,Normal Building,No,,Normal,None
2026-09-08,B101,A102,5,696.1,0.7,High Legitimate Usage,Normal Building,No,,Normal,None
2026-09-09,B101,A102,5,709.5,0.7,High Legitimate Usage,Normal Building,No,,Normal,None
2026-09-10,B101,A102,5,802.3,0.5,High Legitimate Usage,Normal Building,No,,Normal,None
2026-09-11,B101,A102,5,808.7,0.1,High Legitimate Usage,Normal Building,No,,Normal,None
2026-09-12,B101,A102,5,803.4,1.3,High Legitimate Usage,Normal Building,No,,Normal,None
2026-09-13,B101,A102,5,782.8,1.2,High Legitimate Usage,Normal Building,No,,Normal,None
2026-09-14,B101,A102,5,686.4,0.4,High Legitimate Usage,Normal Building,No,,Normal,None
2026-09-15,B101,A102,5,769.8,0.3,High Legitimate Usage,Normal Building,No,,Normal,None
2026-09-16,B101,A102,5,704.8,0.5,High Legitimate Usage,Normal Building,No,,Normal,None
2026-09-17,B101,A102,5,739.5,0.6,High Legitimate Usage,Normal Building,No,,Normal,None
2026-09-18,B101,A102,5,783.1,0.7,High Legitimate Usage,Normal Building,No,,Normal,None
2026-09-19,B101,A102,5,836.3,0.1,High Legitimate Usage,Normal Building,No,,Normal,None
2026-09-20,B101,A102,5,855.1,0.6,High Legitimate Usage,Normal Building,No,,Normal,None
2026-09-21,B101,A102,5,743.6,0.6,High Legitimate Usage,Normal Building,No,,Normal,None
2026-09-22,B101,A102,5,807.0,0.9,High Legitimate Usage,Normal Building,No,,Normal,None
2026-09-23,B101,A102,5,788.0,0.9,High Legitimate Usage,Normal Building,No,,Normal,None
2026-09-24,B101,A102,5,727.7,0.8,High Legitimate Usage,Normal Building,No,,Normal,None
2026-09-25,B101,A102,5,894.8,1.3,High Legitimate Usage,Normal Building,No,,Normal,None
2026-09-26,B101,A102,5,867.5,0.8,High Legitimate Usage,Normal Building,No,,Normal,None
2026-06-29,B101,A103,3,577.9,0.8,Normal Household,Normal Building,No,,Normal,None
2026-06-30,B101,A103,3,631.8,0.0,Normal Household,Normal Building,No,,Normal,None
2026-07-01,B101,A103,3,557.6,1.8,Normal Household,Normal Building,No,,Normal,None
2026-07-02,B101,A103,3,602.9,0.5,Normal Household,Normal Building,No,,Normal,None
2026-07-03,B101,A103,3,652.7,0.8,Normal Household,Normal Building,No,,Normal,None
2026-07-04,B101,A103,3,669.2,1.5,Normal Household,Normal Building,No,,Normal,None
2026-07-05,B101,A103,3,668.9,1.4,Normal Household,Normal Building,No,,Normal,None
2026-07-06,B101,A103,3,588.6,0.8,Normal Household,Normal Building,No,,Normal,None
2026-07-07,B101,A103,3,619.6,0.5,Normal Household,Normal Building,No,,Normal,None
2026-07-08,B101,A103,3,581.8,0.2,Normal Household,Normal Building,No,,Normal,None
2026-07-09,B101,A103,3,553.5,0.9,Normal Household,Normal Building,No,,Normal,None
2026-07-10,B101,A103,3,627.0,0.5,Normal Household,Normal Building,No,,Normal,None
2026-07-11,B101,A103,3,622.4,0.7,Normal Household,Normal Building,No,,Normal,None
2026-07-12,B101,A103,3,752.1,0.5,Normal Household,Normal Building,No,,Normal,None
2026-07-13,B101,A103,3,587.9,0.0,Normal Household,Normal Building,No,,Normal,None
2026-07-14,B101,A103,3,591.8,0.9,Normal Household,Normal Building,No,,Normal,None
2026-07-15,B101,A103,3,589.4,0.3,Normal Household,Normal Building,No,,Normal,None
2026-07-16,B101,A103,3,583.0,0.8,Normal Household,Normal Building,No,,Normal,None
2026-07-17,B101,A103,3,611.5,1.0,Normal Household,Normal Building,No,,Normal,None
2026-07-18,B101,A103,3,665.1,1.1,Normal Household,Normal Building,No,,Normal,None
2026-07-19,B101,A103,3,638.0,0.6,Normal Household,Normal Building,No,,Normal,None
2026-07-20,B101,A103,3,512.4,1.0,Normal Household,Normal Building,No,,Normal,None
2026-07-21,B101,A103,3,502.2,1.2,Normal Household,Normal Building,No,,Normal,None
2026-07-22,B101,A103,3,569.2,1.0,Normal Household,Normal Building,No,,Normal,None
2026-07-23,B101,A103,3,558.2,0.2,Normal Household,Normal Building,No,,Normal,None
2026-07-24,B101,A103,3,680.1,0.0,Normal Household,Normal Building,No,,Normal,None
2026-07-25,B101,A103,3,577.8,0.6,Normal Household,Normal Building,No,,Normal,None
2026-07-26,B101,A103,3,559.7,0.7,Normal Household,Normal Building,No,,Normal,None
2026-07-27,B101,A103,3,435.9,0.1,Normal Household,Normal Building,No,,Normal,None
2026-07-28,B101,A103,3,646.6,1.4,Normal Household,Normal Building,No,,Normal,None
2026-07-29,B101,A103,3,568.7,0.6,Normal Household,Normal Building,No,,Normal,None
2026-07-30,B101,A103,3,490.8,0.9,Normal Household,Normal Building,No,,Normal,None
2026-07-31,B101,A103,3,660.2,1.2,Normal Household,Normal Building,No,,Normal,None
2026-08-01,B101,A103,3,660.4,0.9,Normal Household,Normal Building,No,,Normal,None
2026-08-02,B101,A103,3,598.5,0.2,Normal Household,Normal Building,No,,Normal,None
2026-08-03,B101,A103,3,568.5,1.3,Normal Household,Normal Building,No,,Normal,None
2026-08-04,B101,A103,3,535.3,0.7,Normal Household,Normal Building,No,,Normal,None
2026-08-05,B101,A103,3,608.8,0.4,Normal Household,Normal Building,No,,Normal,None
2026-08-06,B101,A103,3,440.9,0.7,Normal Household,Normal Building,No,,Normal,None
2026-08-07,B101,A103,3,620.5,1.2,Normal Household,Normal Building,No,,Normal,None
2026-08-08,B101,A103,3,604.5,1.5,Normal Household,Normal Building,No,,Normal,None
2026-08-09,B101,A103,3,605.0,0.5,Normal Household,Normal Building,No,,Normal,None
2026-08-10,B101,A103,3,531.9,1.0,Normal Household,Normal Building,No,,Normal,None
2026-08-11,B101,A103,3,565.4,1.1,Normal Household,Normal Building,No,,Normal,None
2026-08-12,B101,A103,3,556.6,0.9,Normal Household,Normal Building,No,,Normal,None
2026-08-13,B101,A103,3,583.1,0.9,Normal Household,Normal Building,No,,Normal,None
2026-08-14,B101,A103,3,602.7,1.0,Normal Household,Normal Building,No,,Normal,None
2026-08-15,B101,A103,3,693.4,1.4,Normal Household,Normal Building,No,,Normal,None
2026-08-16,B101,A103,3,651.7,1.3,Normal Household,Normal Building,No,,Normal,None
2026-08-17,B101,A103,3,583.0,0.5,Normal Household,Normal Building,No,,Normal,None
2026-08-18,B101,A103,3,611.4,0.1,Normal Household,Normal Building,No,,Normal,None
2026-08-19,B101,A103,3,596.5,1.2,Normal Household,Normal Building,No,,Normal,None
2026-08-20,B101,A103,3,720.1,0.3,Normal Household,Normal Building,No,,Normal,None
2026-08-21,B101,A103,3,751.2,0.0,Normal Household,Normal Building,No,,Normal,None
2026-08-22,B101,A103,3,686.3,0.1,Normal Household,Normal Building,No,,Normal,None
2026-08-23,B101,A103,3,556.2,0.5,Normal Household,Normal Building,No,,Normal,None
2026-08-24,B101,A103,3,540.0,0.7,Normal Household,Normal Building,No,,Normal,None
2026-08-25,B101,A103,3,579.2,0.6,Normal Household,Normal Building,No,,Normal,None
2026-08-26,B101,A103,3,619.1,0.4,Normal Household,Normal Building,No,,Normal,None
2026-08-27,B101,A103,3,600.6,0.9,Normal Household,Normal Building,No,,Normal,None
2026-08-28,B101,A103,3,656.6,0.9,Normal Household,Normal Building,No,,Normal,None
2026-08-29,B101,A103,3,627.4,0.6,Normal Household,Normal Building,No,,Normal,None
2026-08-30,B101,A103,3,740.9,0.8,Normal Household,Normal Building,No,,Normal,None
2026-08-31,B101,A103,3,587.2,0.3,Normal Household,Normal Building,No,,Normal,None
2026-09-01,B101,A103,3,509.3,0.7,Normal Household,Normal Building,No,,Normal,None
2026-09-02,B101,A103,3,544.6,1.6,Normal Household,Normal Building,No,,Normal,None
2026-09-03,B101,A103,3,674.5,0.8,Normal Household,Normal Building,No,,Normal,None
2026-09-04,B101,A103,3,648.0,0.3,Normal Household,Normal Building,No,,Normal,None
2026-09-05,B101,A103,3,578.6,0.7,Normal Household,Normal Building,No,,Normal,None
2026-09-06,B101,A103,3,625.5,1.6,Normal Household,Normal Building,No,,Normal,None
2026-09-07,B101,A103,3,620.2,1.3,Normal Household,Normal Building,No,,Normal,None
2026-09-08,B101,A103,3,472.4,1.0,Normal Household,Normal Building,No,,Normal,None
2026-09-09,B101,A103,3,487.5,0.7,Normal Household,Normal Building,No,,Normal,None
2026-09-10,B101,A103,3,573.3,0.7,Normal Household,Normal Building,No,,Normal,None
2026-09-11,B101,A103,3,621.3,0.7,Normal Household,Normal Building,No,,Normal,None
2026-09-12,B101,A103,3,549.7,1.1,Normal Household,Normal Building,No,,Normal,None
2026-09-13,B101,A103,3,538.7,0.7,Normal Household,Normal Building,No,,Normal,None
2026-09-14,B101,A103,3,471.5,0.8,Normal Household,Normal Building,No,,Normal,None
2026-09-15,B101,A103,3,586.2,0.9,Normal Household,Normal Building,No,,Normal,None
2026-09-16,B101,A103,3,528.9,1.6,Normal Household,Normal Building,No,,Normal,None
2026-09-17,B101,A103,3,454.3,1.4,Normal Household,Normal Building,No,,Normal,None
2026-09-18,B101,A103,3,609.7,1.0,Normal Household,Normal Building,No,,Normal,None
2026-09-19,B101,A103,3,566.4,0.9,Normal Household,Normal Building,No,,Normal,None
2026-09-20,B101,A103,3,549.1,1.4,Normal Household,Normal Building,No,,Normal,None
2026-09-21,B101,A103,3,559.5,1.1,Normal Household,Normal Building,No,,Normal,None
2026-09-22,B101,A103,3,561.3,0.0,Normal Household,Normal Building,No,,Normal,None
2026-09-23,B101,A103,3,580.6,0.5,Normal Household,Normal Building,No,,Normal,None
2026-09-24,B101,A103,3,544.8,1.3,Normal Household,Normal Building,No,,Normal,None
2026-09-25,B101,A103,3,651.8,0.9,Normal Household,Normal Building,No,,Normal,None
2026-09-26,B101,A103,3,621.5,0.4,Normal Household,Normal Building,No,,Normal,None
2026-06-29,B101,A104,6,969.1,0.2,Smart Form Re-analysis,Normal Building,No,,Normal,None
2026-06-30,B101,A104,6,986.1,1.1,Smart Form Re-analysis,Normal Building,No,,Normal,None
2026-07-01,B101,A104,6,993.5,0.8,Smart Form Re-analysis,Normal Building,No,,Normal,None
2026-07-02,B101,A104,6,1036.4,0.4,Smart Form Re-analysis,Normal Building,No,,Normal,None
2026-07-03,B101,A104,6,1001.5,1.0,Smart Form Re-analysis,Normal Building,No,,Normal,None
2026-07-04,B101,A104,6,1100.5,1.4,Smart Form Re-analysis,Normal Building,No,,Normal,None
2026-07-05,B101,A104,6,1073.3,0.3,Smart Form Re-analysis,Normal Building,No,,Normal,None
2026-07-06,B101,A104,6,1064.1,1.1,Smart Form Re-analysis,Normal Building,No,,Normal,None
2026-07-07,B101,A104,6,938.7,0.6,Smart Form Re-analysis,Normal Building,No,,Normal,None
2026-07-08,B101,A104,6,1039.7,1.1,Smart Form Re-analysis,Normal Building,No,,Normal,None
2026-07-09,B101,A104,6,983.2,1.0,Smart Form Re-analysis,Normal Building,No,,Normal,None
2026-07-10,B101,A104,6,1039.4,0.0,Smart Form Re-analysis,Normal Building,No,,Normal,None
2026-07-11,B101,A104,6,1051.2,0.8,Smart Form Re-analysis,Normal Building,No,,Normal,None
2026-07-12,B101,A104,6,1049.2,0.9,Smart Form Re-analysis,Normal Building,No,,Normal,None
2026-07-13,B101,A104,6,976.8,1.3,Smart Form Re-analysis,Normal Building,No,,Normal,None
2026-07-14,B101,A104,6,977.2,1.2,Smart Form Re-analysis,Normal Building,No,,Normal,None
2026-07-15,B101,A104,6,1021.0,1.6,Smart Form Re-analysis,Normal Building,No,,Normal,None
2026-07-16,B101,A104,6,983.2,1.9,Smart Form Re-analysis,Normal Building,No,,Normal,None
2026-07-17,B101,A104,6,1001.9,0.0,Smart Form Re-analysis,Normal Building,No,,Normal,None
2026-07-18,B101,A104,6,1055.3,0.8,Smart Form Re-analysis,Normal Building,No,,Normal,None
2026-07-19,B101,A104,6,1053.8,0.5,Smart Form Re-analysis,Normal Building,No,,Normal,None
2026-07-20,B101,A104,6,959.8,0.9,Smart Form Re-analysis,Normal Building,No,,Normal,None
2026-07-21,B101,A104,6,929.7,0.1,Smart Form Re-analysis,Normal Building,No,,Normal,None
2026-07-22,B101,A104,6,869.0,0.5,Smart Form Re-analysis,Normal Building,No,,Normal,None
2026-07-23,B101,A104,6,953.9,0.4,Smart Form Re-analysis,Normal Building,No,,Normal,None
2026-07-24,B101,A104,6,1048.0,0.5,Smart Form Re-analysis,Normal Building,No,,Normal,None
2026-07-25,B101,A104,6,1013.8,1.1,Smart Form Re-analysis,Normal Building,No,,Normal,None
2026-07-26,B101,A104,6,1056.2,0.0,Smart Form Re-analysis,Normal Building,No,,Normal,None
2026-07-27,B101,A104,6,905.5,1.6,Smart Form Re-analysis,Normal Building,No,,Normal,None
2026-07-28,B101,A104,6,887.4,0.2,Smart Form Re-analysis,Normal Building,No,,Normal,None
2026-07-29,B101,A104,6,941.0,1.5,Smart Form Re-analysis,Normal Building,No,,Normal,None
2026-07-30,B101,A104,6,821.6,0.7,Smart Form Re-analysis,Normal Building,No,,Normal,None
2026-07-31,B101,A104,6,1013.2,0.4,Smart Form Re-analysis,Normal Building,No,,Normal,None
2026-08-01,B101,A104,6,959.0,0.9,Smart Form Re-analysis,Normal Building,No,,Normal,None
2026-08-02,B101,A104,6,950.4,0.0,Smart Form Re-analysis,Normal Building,No,,Normal,None
2026-08-03,B101,A104,6,931.2,0.7,Smart Form Re-analysis,Normal Building,No,,Normal,None
2026-08-04,B101,A104,6,883.5,0.2,Smart Form Re-analysis,Normal Building,No,,Normal,None
2026-08-05,B101,A104,6,845.1,0.8,Smart Form Re-analysis,Normal Building,No,,Normal,None
2026-08-06,B101,A104,6,828.4,0.6,Smart Form Re-analysis,Normal Building,No,,Normal,None
2026-08-07,B101,A104,6,1064.1,0.6,Smart Form Re-analysis,Normal Building,No,,Normal,None
2026-08-08,B101,A104,6,1035.3,0.9,Smart Form Re-analysis,Normal Building,No,,Normal,None
2026-08-09,B101,A104,6,1004.4,0.7,Smart Form Re-analysis,Normal Building,No,,Normal,None
2026-08-10,B101,A104,6,916.9,0.5,Smart Form Re-analysis,Normal Building,No,,Normal,None
2026-08-11,B101,A104,6,933.9,0.6,Smart Form Re-analysis,Normal Building,No,,Normal,None
2026-08-12,B101,A104,6,1012.7,0.9,Smart Form Re-analysis,Normal Building,No,,Normal,None
2026-08-13,B101,A104,6,853.5,1.3,Smart Form Re-analysis,Normal Building,No,,Normal,None
2026-08-14,B101,A104,6,1042.8,1.8,Smart Form Re-analysis,Normal Building,No,,Normal,None
2026-08-15,B101,A104,6,986.2,0.6,Smart Form Re-analysis,Normal Building,No,,Normal,None
2026-08-16,B101,A104,6,1063.6,0.5,Smart Form Re-analysis,Normal Building,No,,Normal,None
2026-08-17,B101,A104,6,927.5,0.6,Smart Form Re-analysis,Normal Building,No,,Normal,None
2026-08-18,B101,A104,6,981.6,0.4,Smart Form Re-analysis,Normal Building,No,,Normal,None
2026-08-19,B101,A104,6,940.1,0.7,Smart Form Re-analysis,Normal Building,No,,Normal,None
2026-08-20,B101,A104,6,888.4,0.7,Smart Form Re-analysis,Normal Building,No,,Normal,None
2026-08-21,B101,A104,6,1044.8,0.6,Smart Form Re-analysis,Normal Building,No,,Normal,None
2026-08-22,B101,A104,6,1152.7,1.7,Smart Form Re-analysis,Normal Building,No,,Normal,None
2026-08-23,B101,A104,6,1082.9,0.8,Smart Form Re-analysis,Normal Building,No,,Normal,None
2026-08-24,B101,A104,6,975.2,1.0,Smart Form Re-analysis,Normal Building,No,,Normal,None
2026-08-25,B101,A104,6,956.5,0.0,Smart Form Re-analysis,Normal Building,No,,Normal,None
2026-08-26,B101,A104,6,975.6,0.8,Smart Form Re-analysis,Normal Building,No,,Normal,None
2026-08-27,B101,A104,6,963.1,0.4,Smart Form Re-analysis,Normal Building,No,,Normal,None
2026-08-28,B101,A104,6,1127.0,0.5,Smart Form Re-analysis,Normal Building,No,,Normal,None
2026-08-29,B101,A104,6,1057.5,1.5,Smart Form Re-analysis,Normal Building,No,,Normal,None
2026-08-30,B101,A104,6,1003.5,0.0,Smart Form Re-analysis,Normal Building,No,,Normal,None
2026-08-31,B101,A104,6,845.4,0.7,Smart Form Re-analysis,Normal Building,No,,Normal,None
2026-09-01,B101,A104,6,954.8,0.8,Smart Form Re-analysis,Normal Building,No,,Normal,None
2026-09-02,B101,A104,6,955.1,1.5,Smart Form Re-analysis,Normal Building,No,,Normal,None
2026-09-03,B101,A104,6,965.4,0.1,Smart Form Re-analysis,Normal Building,No,,Normal,None
2026-09-04,B101,A104,6,1056.6,1.1,Smart Form Re-analysis,Normal Building,No,,Normal,None
2026-09-05,B101,A104,6,1649.3,0.7,Smart Form Re-analysis,Normal Building,Yes,,Smart Form — Re-analysis,None
2026-09-06,B101,A104,6,1795.2,0.6,Smart Form Re-analysis,Normal Building,Yes,,Smart Form — Re-analysis,None
2026-09-07,B101,A104,6,1687.1,0.8,Smart Form Re-analysis,Normal Building,Yes,No — unexpected,Smart Form — Re-analysis,None
2026-09-08,B101,A104,6,885.9,0.5,Smart Form Re-analysis,Normal Building,No,,Normal,None
2026-09-09,B101,A104,6,951.5,1.1,Smart Form Re-analysis,Normal Building,No,,Normal,None
2026-09-10,B101,A104,6,902.2,1.7,Smart Form Re-analysis,Normal Building,No,,Normal,None
2026-09-11,B101,A104,6,980.2,0.2,Smart Form Re-analysis,Normal Building,No,,Normal,None
2026-09-12,B101,A104,6,955.2,1.0,Smart Form Re-analysis,Normal Building,No,,Normal,None
2026-09-13,B101,A104,6,951.4,1.1,Smart Form Re-analysis,Normal Building,No,,Normal,None
2026-09-14,B101,A104,6,900.7,0.4,Smart Form Re-analysis,Normal Building,No,,Normal,None
2026-09-15,B101,A104,6,902.0,0.4,Smart Form Re-analysis,Normal Building,No,,Normal,None
2026-09-16,B101,A104,6,958.6,1.1,Smart Form Re-analysis,Normal Building,No,,Normal,None
2026-09-17,B101,A104,6,910.8,0.8,Smart Form Re-analysis,Normal Building,No,,Normal,None
2026-09-18,B101,A104,6,984.4,1.2,Smart Form Re-analysis,Normal Building,No,,Normal,None
2026-09-19,B101,A104,6,1022.9,0.7,Smart Form Re-analysis,Normal Building,No,,Normal,None
2026-09-20,B101,A104,6,1052.7,0.9,Smart Form Re-analysis,Normal Building,No,,Normal,None
2026-09-21,B101,A104,6,995.4,1.0,Smart Form Re-analysis,Normal Building,No,,Normal,None
2026-09-22,B101,A104,6,861.9,0.9,Smart Form Re-analysis,Normal Building,No,,Normal,None
2026-09-23,B101,A104,6,887.8,0.9,Smart Form Re-analysis,Normal Building,No,,Normal,None
2026-09-24,B101,A104,6,941.8,1.0,Smart Form Re-analysis,Normal Building,No,,Normal,None
2026-09-25,B101,A104,6,1065.6,1.3,Smart Form Re-analysis,Normal Building,No,,Normal,None
2026-09-26,B101,A104,6,1139.9,0.4,Smart Form Re-analysis,Normal Building,No,,Normal,None
2026-06-29,B102,A201,4,666.3,0.9,Normal Household,External Supply Pipe Leak,No,,Normal,None
2026-06-30,B102,A201,4,695.2,0.6,Normal Household,External Supply Pipe Leak,No,,Normal,None
2026-07-01,B102,A201,4,692.4,0.0,Normal Household,External Supply Pipe Leak,No,,Normal,None
2026-07-02,B102,A201,4,664.9,0.5,Normal Household,External Supply Pipe Leak,No,,Normal,None
2026-07-03,B102,A201,4,758.4,0.9,Normal Household,External Supply Pipe Leak,No,,Normal,None
2026-07-04,B102,A201,4,720.6,0.6,Normal Household,External Supply Pipe Leak,No,,Normal,None
2026-07-05,B102,A201,4,706.5,1.0,Normal Household,External Supply Pipe Leak,No,,Normal,None
2026-07-06,B102,A201,4,753.5,0.3,Normal Household,External Supply Pipe Leak,No,,Normal,None
2026-07-07,B102,A201,4,774.5,0.5,Normal Household,External Supply Pipe Leak,No,,Normal,None
2026-07-08,B102,A201,4,649.9,0.8,Normal Household,External Supply Pipe Leak,No,,Normal,None
2026-07-09,B102,A201,4,731.0,1.5,Normal Household,External Supply Pipe Leak,No,,Normal,None
2026-07-10,B102,A201,4,762.8,0.7,Normal Household,External Supply Pipe Leak,No,,Normal,None
2026-07-11,B102,A201,4,839.4,0.9,Normal Household,External Supply Pipe Leak,No,,Normal,None
2026-07-12,B102,A201,4,857.4,0.6,Normal Household,External Supply Pipe Leak,No,,Normal,None
2026-07-13,B102,A201,4,646.8,1.6,Normal Household,External Supply Pipe Leak,No,,Normal,None
2026-07-14,B102,A201,4,686.7,0.9,Normal Household,External Supply Pipe Leak,No,,Normal,None
2026-07-15,B102,A201,4,726.0,1.1,Normal Household,External Supply Pipe Leak,No,,Normal,None
2026-07-16,B102,A201,4,729.6,0.0,Normal Household,External Supply Pipe Leak,No,,Normal,None
2026-07-17,B102,A201,4,789.6,0.7,Normal Household,External Supply Pipe Leak,No,,Normal,None
2026-07-18,B102,A201,4,840.6,0.8,Normal Household,External Supply Pipe Leak,No,,Normal,None
2026-07-19,B102,A201,4,752.8,0.9,Normal Household,External Supply Pipe Leak,No,,Normal,None
2026-07-20,B102,A201,4,744.8,0.2,Normal Household,External Supply Pipe Leak,No,,Normal,None
2026-07-21,B102,A201,4,728.8,0.8,Normal Household,External Supply Pipe Leak,No,,Normal,None
2026-07-22,B102,A201,4,690.5,0.7,Normal Household,External Supply Pipe Leak,No,,Normal,None
2026-07-23,B102,A201,4,748.4,0.8,Normal Household,External Supply Pipe Leak,No,,Normal,None
2026-07-24,B102,A201,4,716.2,0.3,Normal Household,External Supply Pipe Leak,No,,Normal,None
2026-07-25,B102,A201,4,743.1,0.6,Normal Household,External Supply Pipe Leak,No,,Normal,None
2026-07-26,B102,A201,4,704.5,0.2,Normal Household,External Supply Pipe Leak,No,,Normal,None
2026-07-27,B102,A201,4,695.2,1.5,Normal Household,External Supply Pipe Leak,No,,Normal,None
2026-07-28,B102,A201,4,588.4,1.6,Normal Household,External Supply Pipe Leak,No,,Normal,None
2026-07-29,B102,A201,4,704.3,0.7,Normal Household,External Supply Pipe Leak,No,,Normal,None
2026-07-30,B102,A201,4,701.8,0.5,Normal Household,External Supply Pipe Leak,No,,Normal,None
2026-07-31,B102,A201,4,657.1,1.0,Normal Household,External Supply Pipe Leak,No,,Normal,None
2026-08-01,B102,A201,4,817.8,0.5,Normal Household,External Supply Pipe Leak,No,,Normal,None
2026-08-02,B102,A201,4,699.3,0.2,Normal Household,External Supply Pipe Leak,No,,Normal,None
2026-08-03,B102,A201,4,683.2,1.0,Normal Household,External Supply Pipe Leak,No,,Normal,None
2026-08-04,B102,A201,4,655.7,0.1,Normal Household,External Supply Pipe Leak,No,,Normal,None
2026-08-05,B102,A201,4,674.2,0.7,Normal Household,External Supply Pipe Leak,No,,Normal,None
2026-08-06,B102,A201,4,685.8,1.2,Normal Household,External Supply Pipe Leak,No,,Normal,None
2026-08-07,B102,A201,4,771.2,0.0,Normal Household,External Supply Pipe Leak,No,,Normal,None
2026-08-08,B102,A201,4,756.7,0.9,Normal Household,External Supply Pipe Leak,No,,Normal,None
2026-08-09,B102,A201,4,759.9,0.9,Normal Household,External Supply Pipe Leak,No,,Normal,None
2026-08-10,B102,A201,4,673.3,0.5,Normal Household,External Supply Pipe Leak,No,,Normal,None
2026-08-11,B102,A201,4,676.1,1.2,Normal Household,External Supply Pipe Leak,No,,Normal,None
2026-08-12,B102,A201,4,681.9,0.7,Normal Household,External Supply Pipe Leak,No,,Normal,None
2026-08-13,B102,A201,4,737.0,0.7,Normal Household,External Supply Pipe Leak,No,,Normal,None
2026-08-14,B102,A201,4,695.3,1.0,Normal Household,External Supply Pipe Leak,No,,Normal,None
2026-08-15,B102,A201,4,776.6,0.5,Normal Household,External Supply Pipe Leak,No,,Normal,None
2026-08-16,B102,A201,4,815.7,1.1,Normal Household,External Supply Pipe Leak,No,,Normal,None
2026-08-17,B102,A201,4,653.9,0.9,Normal Household,External Supply Pipe Leak,No,,Normal,None
2026-08-18,B102,A201,4,738.1,0.4,Normal Household,External Supply Pipe Leak,No,,Normal,None
2026-08-19,B102,A201,4,704.3,0.2,Normal Household,External Supply Pipe Leak,No,,Normal,None
2026-08-20,B102,A201,4,706.6,0.6,Normal Household,External Supply Pipe Leak,No,,Normal,None
2026-08-21,B102,A201,4,773.1,0.8,Normal Household,External Supply Pipe Leak,No,,Normal,None
2026-08-22,B102,A201,4,757.1,0.3,Normal Household,External Supply Pipe Leak,No,,Normal,None
2026-08-23,B102,A201,4,688.9,0.7,Normal Household,External Supply Pipe Leak,No,,Normal,None
2026-08-24,B102,A201,4,720.5,0.4,Normal Household,External Supply Pipe Leak,No,,Normal,None
2026-08-25,B102,A201,4,807.2,1.3,Normal Household,External Supply Pipe Leak,No,,Normal,None
2026-08-26,B102,A201,4,698.7,0.9,Normal Household,External Supply Pipe Leak,No,,Normal,None
2026-08-27,B102,A201,4,797.4,0.9,Normal Household,External Supply Pipe Leak,No,,Normal,None
2026-08-28,B102,A201,4,743.1,0.6,Normal Household,External Supply Pipe Leak,No,,Normal,None
2026-08-29,B102,A201,4,771.6,0.2,Normal Household,External Supply Pipe Leak,No,,Normal,None
2026-08-30,B102,A201,4,718.1,0.9,Normal Household,External Supply Pipe Leak,No,,Normal,None
2026-08-31,B102,A201,4,729.4,1.1,Normal Household,External Supply Pipe Leak,No,,Normal,None
2026-09-01,B102,A201,4,725.2,1.2,Normal Household,External Supply Pipe Leak,No,,Normal,None
2026-09-02,B102,A201,4,722.3,1.1,Normal Household,External Supply Pipe Leak,No,,Normal,None
2026-09-03,B102,A201,4,669.7,0.9,Normal Household,External Supply Pipe Leak,No,,Normal,None
2026-09-04,B102,A201,4,676.8,0.7,Normal Household,External Supply Pipe Leak,No,,Normal,None
2026-09-05,B102,A201,4,712.2,0.8,Normal Household,External Supply Pipe Leak,No,,Normal,None
2026-09-06,B102,A201,4,755.0,0.8,Normal Household,External Supply Pipe Leak,No,,Normal,None
2026-09-07,B102,A201,4,700.6,0.8,Normal Household,External Supply Pipe Leak,No,,Normal,None
2026-09-08,B102,A201,4,684.7,0.7,Normal Household,External Supply Pipe Leak,No,,Normal,None
2026-09-09,B102,A201,4,695.5,0.5,Normal Household,External Supply Pipe Leak,No,,Normal,None
2026-09-10,B102,A201,4,709.8,0.7,Normal Household,External Supply Pipe Leak,No,,Normal,None
2026-09-11,B102,A201,4,692.8,1.1,Normal Household,External Supply Pipe Leak,No,,Normal,None
2026-09-12,B102,A201,4,756.7,0.9,Normal Household,External Supply Pipe Leak,No,,Normal,None
2026-09-13,B102,A201,4,765.0,0.4,Normal Household,External Supply Pipe Leak,No,,Normal,None
2026-09-14,B102,A201,4,672.0,0.7,Normal Household,External Supply Pipe Leak,No,,Normal,None
2026-09-15,B102,A201,4,661.2,0.6,Normal Household,External Supply Pipe Leak,No,,Normal,None
2026-09-16,B102,A201,4,643.8,0.1,Normal Household,External Supply Pipe Leak,No,,Normal,None
2026-09-17,B102,A201,4,649.9,1.4,Normal Household,External Supply Pipe Leak,No,,Normal,None
2026-09-18,B102,A201,4,771.8,0.4,Normal Household,External Supply Pipe Leak,No,,Normal,None
2026-09-19,B102,A201,4,746.4,0.6,Normal Household,External Supply Pipe Leak,No,,Normal,None
2026-09-20,B102,A201,4,725.0,0.4,Normal Household,External Supply Pipe Leak,No,,Normal,None
2026-09-21,B102,A201,4,714.3,0.7,Normal Household,External Supply Pipe Leak,No,,Normal,None
2026-09-22,B102,A201,4,675.3,0.6,Normal Household,External Supply Pipe Leak,No,,Normal,None
2026-09-23,B102,A201,4,688.4,1.4,Normal Household,External Supply Pipe Leak,No,,Normal,None
2026-09-24,B102,A201,4,746.2,0.7,Normal Household,External Supply Pipe Leak,No,,Normal,None
2026-09-25,B102,A201,4,712.0,0.8,Normal Household,External Supply Pipe Leak,No,,Normal,None
2026-09-26,B102,A201,4,834.0,0.8,Normal Household,External Supply Pipe Leak,No,,Normal,None
2026-06-29,B102,A202,5,818.3,1.0,Hidden Internal Leak,External Supply Pipe Leak,No,,Normal,None
2026-06-30,B102,A202,5,835.5,1.4,Hidden Internal Leak,External Supply Pipe Leak,No,,Normal,None
2026-07-01,B102,A202,5,872.4,0.8,Hidden Internal Leak,External Supply Pipe Leak,No,,Normal,None
2026-07-02,B102,A202,5,883.1,1.3,Hidden Internal Leak,External Supply Pipe Leak,No,,Normal,None
2026-07-03,B102,A202,5,905.5,0.3,Hidden Internal Leak,External Supply Pipe Leak,No,,Normal,None
2026-07-04,B102,A202,5,938.9,0.1,Hidden Internal Leak,External Supply Pipe Leak,No,,Normal,None
2026-07-05,B102,A202,5,908.6,0.6,Hidden Internal Leak,External Supply Pipe Leak,No,,Normal,None
2026-07-06,B102,A202,5,768.3,0.7,Hidden Internal Leak,External Supply Pipe Leak,No,,Normal,None
2026-07-07,B102,A202,5,943.0,0.5,Hidden Internal Leak,External Supply Pipe Leak,No,,Normal,None
2026-07-08,B102,A202,5,799.1,0.1,Hidden Internal Leak,External Supply Pipe Leak,No,,Normal,None
2026-07-09,B102,A202,5,801.1,0.1,Hidden Internal Leak,External Supply Pipe Leak,No,,Normal,None
2026-07-10,B102,A202,5,911.8,1.1,Hidden Internal Leak,External Supply Pipe Leak,No,,Normal,None
2026-07-11,B102,A202,5,922.5,1.0,Hidden Internal Leak,External Supply Pipe Leak,No,,Normal,None
2026-07-12,B102,A202,5,902.2,0.7,Hidden Internal Leak,External Supply Pipe Leak,No,,Normal,None
2026-07-13,B102,A202,5,788.2,0.9,Hidden Internal Leak,External Supply Pipe Leak,No,,Normal,None
2026-07-14,B102,A202,5,839.2,0.8,Hidden Internal Leak,External Supply Pipe Leak,No,,Normal,None
2026-07-15,B102,A202,5,806.8,1.5,Hidden Internal Leak,External Supply Pipe Leak,No,,Normal,None
2026-07-16,B102,A202,5,924.7,0.5,Hidden Internal Leak,External Supply Pipe Leak,No,,Normal,None
2026-07-17,B102,A202,5,889.0,0.9,Hidden Internal Leak,External Supply Pipe Leak,No,,Normal,None
2026-07-18,B102,A202,5,904.7,0.2,Hidden Internal Leak,External Supply Pipe Leak,No,,Normal,None
2026-07-19,B102,A202,5,911.5,0.4,Hidden Internal Leak,External Supply Pipe Leak,No,,Normal,None
2026-07-20,B102,A202,5,815.9,0.8,Hidden Internal Leak,External Supply Pipe Leak,No,,Normal,None
2026-07-21,B102,A202,5,809.4,0.3,Hidden Internal Leak,External Supply Pipe Leak,No,,Normal,None
2026-07-22,B102,A202,5,786.7,1.4,Hidden Internal Leak,External Supply Pipe Leak,No,,Normal,None
2026-07-23,B102,A202,5,824.0,1.0,Hidden Internal Leak,External Supply Pipe Leak,No,,Normal,None
2026-07-24,B102,A202,5,819.3,1.7,Hidden Internal Leak,External Supply Pipe Leak,No,,Normal,None
2026-07-25,B102,A202,5,840.0,1.2,Hidden Internal Leak,External Supply Pipe Leak,No,,Normal,None
2026-07-26,B102,A202,5,795.4,0.1,Hidden Internal Leak,External Supply Pipe Leak,No,,Normal,None
2026-07-27,B102,A202,5,764.7,0.8,Hidden Internal Leak,External Supply Pipe Leak,No,,Normal,None
2026-07-28,B102,A202,5,746.0,0.0,Hidden Internal Leak,External Supply Pipe Leak,No,,Normal,None
2026-07-29,B102,A202,5,735.3,0.5,Hidden Internal Leak,External Supply Pipe Leak,No,,Normal,None
2026-07-30,B102,A202,5,803.4,0.6,Hidden Internal Leak,External Supply Pipe Leak,No,,Normal,None
2026-07-31,B102,A202,5,784.2,0.3,Hidden Internal Leak,External Supply Pipe Leak,No,,Normal,None
2026-08-01,B102,A202,5,839.1,1.2,Hidden Internal Leak,External Supply Pipe Leak,No,,Normal,None
2026-08-02,B102,A202,5,808.8,0.8,Hidden Internal Leak,External Supply Pipe Leak,No,,Normal,None
2026-08-03,B102,A202,5,817.1,0.9,Hidden Internal Leak,External Supply Pipe Leak,No,,Normal,None
2026-08-04,B102,A202,5,717.6,0.7,Hidden Internal Leak,External Supply Pipe Leak,No,,Normal,None
2026-08-05,B102,A202,5,789.5,0.8,Hidden Internal Leak,External Supply Pipe Leak,No,,Normal,None
2026-08-06,B102,A202,5,710.6,0.9,Hidden Internal Leak,External Supply Pipe Leak,No,,Normal,None
2026-08-07,B102,A202,5,805.4,1.3,Hidden Internal Leak,External Supply Pipe Leak,No,,Normal,None
2026-08-08,B102,A202,5,909.9,0.1,Hidden Internal Leak,External Supply Pipe Leak,No,,Normal,None
2026-08-09,B102,A202,5,965.6,0.5,Hidden Internal Leak,External Supply Pipe Leak,No,,Normal,None
2026-08-10,B102,A202,5,816.6,0.0,Hidden Internal Leak,External Supply Pipe Leak,No,,Normal,None
2026-08-11,B102,A202,5,798.9,1.1,Hidden Internal Leak,External Supply Pipe Leak,No,,Normal,None
2026-08-12,B102,A202,5,827.7,0.6,Hidden Internal Leak,External Supply Pipe Leak,No,,Normal,None
2026-08-13,B102,A202,5,815.6,0.0,Hidden Internal Leak,External Supply Pipe Leak,No,,Normal,None
2026-08-14,B102,A202,5,871.2,0.5,Hidden Internal Leak,External Supply Pipe Leak,No,,Normal,None
2026-08-15,B102,A202,5,942.2,0.4,Hidden Internal Leak,External Supply Pipe Leak,No,,Normal,None
2026-08-16,B102,A202,5,945.6,1.6,Hidden Internal Leak,External Supply Pipe Leak,No,,Normal,None
2026-08-17,B102,A202,5,878.9,1.2,Hidden Internal Leak,External Supply Pipe Leak,No,,Normal,None
2026-08-18,B102,A202,5,817.5,0.4,Hidden Internal Leak,External Supply Pipe Leak,No,,Normal,None
2026-08-19,B102,A202,5,849.7,0.6,Hidden Internal Leak,External Supply Pipe Leak,No,,Normal,None
2026-08-20,B102,A202,5,859.3,1.2,Hidden Internal Leak,External Supply Pipe Leak,No,,Normal,None
2026-08-21,B102,A202,5,949.3,1.2,Hidden Internal Leak,External Supply Pipe Leak,No,,Normal,None
2026-08-22,B102,A202,5,889.6,0.1,Hidden Internal Leak,External Supply Pipe Leak,No,,Normal,None
2026-08-23,B102,A202,5,1180.5,176.5,Hidden Internal Leak,External Supply Pipe Leak,No,,Possible Internal Leak,Internal / Hidden
2026-08-24,B102,A202,5,1065.5,162.2,Hidden Internal Leak,External Supply Pipe Leak,No,,Possible Internal Leak,Internal / Hidden
2026-08-25,B102,A202,5,1071.4,186.5,Hidden Internal Leak,External Supply Pipe Leak,No,,Possible Internal Leak,Internal / Hidden
2026-08-26,B102,A202,5,1048.7,166.0,Hidden Internal Leak,External Supply Pipe Leak,No,,Possible Internal Leak,Internal / Hidden
2026-08-27,B102,A202,5,1027.4,165.9,Hidden Internal Leak,External Supply Pipe Leak,No,,Possible Internal Leak,Internal / Hidden
2026-08-28,B102,A202,5,1129.0,171.0,Hidden Internal Leak,External Supply Pipe Leak,No,,Possible Internal Leak,Internal / Hidden
2026-08-29,B102,A202,5,1122.0,153.5,Hidden Internal Leak,External Supply Pipe Leak,No,,Possible Internal Leak,Internal / Hidden
2026-08-30,B102,A202,5,1114.7,175.4,Hidden Internal Leak,External Supply Pipe Leak,No,,Possible Internal Leak,Internal / Hidden
2026-08-31,B102,A202,5,949.9,160.1,Hidden Internal Leak,External Supply Pipe Leak,No,,Possible Internal Leak,Internal / Hidden
2026-09-01,B102,A202,5,1025.2,161.4,Hidden Internal Leak,External Supply Pipe Leak,No,,Possible Internal Leak,Internal / Hidden
2026-09-02,B102,A202,5,1048.7,183.2,Hidden Internal Leak,External Supply Pipe Leak,No,,Possible Internal Leak,Internal / Hidden
2026-09-03,B102,A202,5,968.5,177.3,Hidden Internal Leak,External Supply Pipe Leak,No,,Possible Internal Leak,Internal / Hidden
2026-09-04,B102,A202,5,1091.6,201.4,Hidden Internal Leak,External Supply Pipe Leak,No,,Possible Internal Leak,Internal / Hidden
2026-09-05,B102,A202,5,1104.6,167.6,Hidden Internal Leak,External Supply Pipe Leak,No,,Possible Internal Leak,Internal / Hidden
2026-09-06,B102,A202,5,1045.4,166.4,Hidden Internal Leak,External Supply Pipe Leak,No,,Possible Internal Leak,Internal / Hidden
2026-09-07,B102,A202,5,1090.2,163.0,Hidden Internal Leak,External Supply Pipe Leak,No,,Possible Internal Leak,Internal / Hidden
2026-09-08,B102,A202,5,1048.8,159.4,Hidden Internal Leak,External Supply Pipe Leak,No,,Possible Internal Leak,Internal / Hidden
2026-09-09,B102,A202,5,1050.9,180.3,Hidden Internal Leak,External Supply Pipe Leak,No,,Possible Internal Leak,Internal / Hidden
2026-09-10,B102,A202,5,986.5,161.7,Hidden Internal Leak,External Supply Pipe Leak,No,,Possible Internal Leak,Internal / Hidden
2026-09-11,B102,A202,5,1069.4,147.4,Hidden Internal Leak,External Supply Pipe Leak,No,,Possible Internal Leak,Internal / Hidden
2026-09-12,B102,A202,5,1105.1,165.0,Hidden Internal Leak,External Supply Pipe Leak,No,,Possible Internal Leak,Internal / Hidden
2026-09-13,B102,A202,5,1097.4,176.4,Hidden Internal Leak,External Supply Pipe Leak,No,,Possible Internal Leak,Internal / Hidden
2026-09-14,B102,A202,5,990.3,161.6,Hidden Internal Leak,External Supply Pipe Leak,No,,Possible Internal Leak,Internal / Hidden
2026-09-15,B102,A202,5,978.4,184.3,Hidden Internal Leak,External Supply Pipe Leak,No,,Possible Internal Leak,Internal / Hidden
2026-09-16,B102,A202,5,995.5,191.6,Hidden Internal Leak,External Supply Pipe Leak,No,,Possible Internal Leak,Internal / Hidden
2026-09-17,B102,A202,5,1020.6,164.9,Hidden Internal Leak,External Supply Pipe Leak,No,,Possible Internal Leak,Internal / Hidden
2026-09-18,B102,A202,5,1100.7,164.3,Hidden Internal Leak,External Supply Pipe Leak,No,,Possible Internal Leak,Internal / Hidden
2026-09-19,B102,A202,5,1090.5,157.7,Hidden Internal Leak,External Supply Pipe Leak,No,,Possible Internal Leak,Internal / Hidden
2026-09-20,B102,A202,5,1061.2,177.2,Hidden Internal Leak,External Supply Pipe Leak,No,,Possible Internal Leak,Internal / Hidden
2026-09-21,B102,A202,5,1005.4,170.2,Hidden Internal Leak,External Supply Pipe Leak,No,,Possible Internal Leak,Internal / Hidden
2026-09-22,B102,A202,5,1046.2,164.6,Hidden Internal Leak,External Supply Pipe Leak,No,,Possible Internal Leak,Internal / Hidden
2026-09-23,B102,A202,5,1055.1,176.0,Hidden Internal Leak,External Supply Pipe Leak,No,,Possible Internal Leak,Internal / Hidden
2026-09-24,B102,A202,5,954.1,176.6,Hidden Internal Leak,External Supply Pipe Leak,No,,Possible Internal Leak,Internal / Hidden
2026-09-25,B102,A202,5,1118.0,180.3,Hidden Internal Leak,External Supply Pipe Leak,No,,Possible Internal Leak,Internal / Hidden
2026-09-26,B102,A202,5,1115.6,179.2,Hidden Internal Leak,External Supply Pipe Leak,No,,Possible Internal Leak,Internal / Hidden
2026-06-29,B102,A203,3,605.2,1.3,Normal Household,External Supply Pipe Leak,No,,Normal,None
2026-06-30,B102,A203,3,631.7,0.6,Normal Household,External Supply Pipe Leak,No,,Normal,None
2026-07-01,B102,A203,3,673.1,1.2,Normal Household,External Supply Pipe Leak,No,,Normal,None
2026-07-02,B102,A203,3,584.3,0.4,Normal Household,External Supply Pipe Leak,No,,Normal,None
2026-07-03,B102,A203,3,767.4,0.3,Normal Household,External Supply Pipe Leak,No,,Normal,None
2026-07-04,B102,A203,3,654.3,1.4,Normal Household,External Supply Pipe Leak,No,,Normal,None
2026-07-05,B102,A203,3,749.7,1.2,Normal Household,External Supply Pipe Leak,No,,Normal,None
2026-07-06,B102,A203,3,671.6,0.7,Normal Household,External Supply Pipe Leak,No,,Normal,None
2026-07-07,B102,A203,3,656.4,1.1,Normal Household,External Supply Pipe Leak,No,,Normal,None
2026-07-08,B102,A203,3,626.5,0.6,Normal Household,External Supply Pipe Leak,No,,Normal,None
2026-07-09,B102,A203,3,672.4,1.4,Normal Household,External Supply Pipe Leak,No,,Normal,None
2026-07-10,B102,A203,3,700.7,0.0,Normal Household,External Supply Pipe Leak,No,,Normal,None
2026-07-11,B102,A203,3,728.1,1.1,Normal Household,External Supply Pipe Leak,No,,Normal,None
2026-07-12,B102,A203,3,815.6,1.3,Normal Household,External Supply Pipe Leak,No,,Normal,None
2026-07-13,B102,A203,3,743.9,0.8,Normal Household,External Supply Pipe Leak,No,,Normal,None
2026-07-14,B102,A203,3,620.2,0.7,Normal Household,External Supply Pipe Leak,No,,Normal,None
2026-07-15,B102,A203,3,642.2,1.0,Normal Household,External Supply Pipe Leak,No,,Normal,None
2026-07-16,B102,A203,3,633.4,0.4,Normal Household,External Supply Pipe Leak,No,,Normal,None
2026-07-17,B102,A203,3,703.0,1.2,Normal Household,External Supply Pipe Leak,No,,Normal,None
2026-07-18,B102,A203,3,592.5,1.2,Normal Household,External Supply Pipe Leak,No,,Normal,None
2026-07-19,B102,A203,3,688.4,1.7,Normal Household,External Supply Pipe Leak,No,,Normal,None
2026-07-20,B102,A203,3,629.9,0.8,Normal Household,External Supply Pipe Leak,No,,Normal,None
2026-07-21,B102,A203,3,618.4,0.2,Normal Household,External Supply Pipe Leak,No,,Normal,None
2026-07-22,B102,A203,3,629.4,0.8,Normal Household,External Supply Pipe Leak,No,,Normal,None
2026-07-23,B102,A203,3,668.3,0.0,Normal Household,External Supply Pipe Leak,No,,Normal,None
2026-07-24,B102,A203,3,632.6,0.5,Normal Household,External Supply Pipe Leak,No,,Normal,None
2026-07-25,B102,A203,3,618.8,0.7,Normal Household,External Supply Pipe Leak,No,,Normal,None
2026-07-26,B102,A203,3,679.4,0.7,Normal Household,External Supply Pipe Leak,No,,Normal,None
2026-07-27,B102,A203,3,637.2,1.5,Normal Household,External Supply Pipe Leak,No,,Normal,None
2026-07-28,B102,A203,3,548.1,0.5,Normal Household,External Supply Pipe Leak,No,,Normal,None
2026-07-29,B102,A203,3,615.2,0.5,Normal Household,External Supply Pipe Leak,No,,Normal,None
2026-07-30,B102,A203,3,707.0,0.2,Normal Household,External Supply Pipe Leak,No,,Normal,None
2026-07-31,B102,A203,3,714.6,1.0,Normal Household,External Supply Pipe Leak,No,,Normal,None
2026-08-01,B102,A203,3,674.8,0.8,Normal Household,External Supply Pipe Leak,No,,Normal,None
2026-08-02,B102,A203,3,706.4,0.0,Normal Household,External Supply Pipe Leak,No,,Normal,None
2026-08-03,B102,A203,3,572.7,1.7,Normal Household,External Supply Pipe Leak,No,,Normal,None
2026-08-04,B102,A203,3,569.7,0.6,Normal Household,External Supply Pipe Leak,No,,Normal,None
2026-08-05,B102,A203,3,578.9,0.7,Normal Household,External Supply Pipe Leak,No,,Normal,None
2026-08-06,B102,A203,3,666.8,1.3,Normal Household,External Supply Pipe Leak,No,,Normal,None
2026-08-07,B102,A203,3,675.5,1.1,Normal Household,External Supply Pipe Leak,No,,Normal,None
2026-08-08,B102,A203,3,639.9,1.3,Normal Household,External Supply Pipe Leak,No,,Normal,None
2026-08-09,B102,A203,3,695.4,1.3,Normal Household,External Supply Pipe Leak,No,,Normal,None
2026-08-10,B102,A203,3,582.0,0.2,Normal Household,External Supply Pipe Leak,No,,Normal,None
2026-08-11,B102,A203,3,698.8,0.3,Normal Household,External Supply Pipe Leak,No,,Normal,None
2026-08-12,B102,A203,3,648.6,0.8,Normal Household,External Supply Pipe Leak,No,,Normal,None
2026-08-13,B102,A203,3,559.6,0.3,Normal Household,External Supply Pipe Leak,No,,Normal,None
2026-08-14,B102,A203,3,758.0,0.5,Normal Household,External Supply Pipe Leak,No,,Normal,None
2026-08-15,B102,A203,3,676.7,1.5,Normal Household,External Supply Pipe Leak,No,,Normal,None
2026-08-16,B102,A203,3,749.7,1.0,Normal Household,External Supply Pipe Leak,No,,Normal,None
2026-08-17,B102,A203,3,625.1,0.1,Normal Household,External Supply Pipe Leak,No,,Normal,None
2026-08-18,B102,A203,3,652.3,0.6,Normal Household,External Supply Pipe Leak,No,,Normal,None
2026-08-19,B102,A203,3,587.4,1.2,Normal Household,External Supply Pipe Leak,No,,Normal,None
2026-08-20,B102,A203,3,603.2,0.6,Normal Household,External Supply Pipe Leak,No,,Normal,None
2026-08-21,B102,A203,3,722.6,0.4,Normal Household,External Supply Pipe Leak,No,,Normal,None
2026-08-22,B102,A203,3,739.8,0.3,Normal Household,External Supply Pipe Leak,No,,Normal,None
2026-08-23,B102,A203,3,702.3,1.0,Normal Household,External Supply Pipe Leak,No,,Normal,None
2026-08-24,B102,A203,3,692.6,1.2,Normal Household,External Supply Pipe Leak,No,,Normal,None
2026-08-25,B102,A203,3,653.9,0.2,Normal Household,External Supply Pipe Leak,No,,Normal,None
2026-08-26,B102,A203,3,647.4,0.8,Normal Household,External Supply Pipe Leak,No,,Normal,None
2026-08-27,B102,A203,3,663.4,0.9,Normal Household,External Supply Pipe Leak,No,,Normal,None
2026-08-28,B102,A203,3,666.3,1.6,Normal Household,External Supply Pipe Leak,No,,Normal,None
2026-08-29,B102,A203,3,656.2,0.8,Normal Household,External Supply Pipe Leak,No,,Normal,None
2026-08-30,B102,A203,3,649.4,0.6,Normal Household,External Supply Pipe Leak,No,,Normal,None
2026-08-31,B102,A203,3,639.8,0.7,Normal Household,External Supply Pipe Leak,No,,Normal,None
2026-09-01,B102,A203,3,628.4,1.0,Normal Household,External Supply Pipe Leak,No,,Normal,None
2026-09-02,B102,A203,3,626.9,1.0,Normal Household,External Supply Pipe Leak,No,,Normal,None
2026-09-03,B102,A203,3,596.7,0.8,Normal Household,External Supply Pipe Leak,No,,Normal,None
2026-09-04,B102,A203,3,692.5,0.4,Normal Household,External Supply Pipe Leak,No,,Normal,None
2026-09-05,B102,A203,3,619.2,0.5,Normal Household,External Supply Pipe Leak,No,,Normal,None
2026-09-06,B102,A203,3,637.8,1.0,Normal Household,External Supply Pipe Leak,No,,Normal,None
2026-09-07,B102,A203,3,578.5,0.1,Normal Household,External Supply Pipe Leak,No,,Normal,None
2026-09-08,B102,A203,3,587.1,0.0,Normal Household,External Supply Pipe Leak,No,,Normal,None
2026-09-09,B102,A203,3,630.0,0.7,Normal Household,External Supply Pipe Leak,No,,Normal,None
2026-09-10,B102,A203,3,568.7,1.5,Normal Household,External Supply Pipe Leak,No,,Normal,None
2026-09-11,B102,A203,3,617.5,0.8,Normal Household,External Supply Pipe Leak,No,,Normal,None
2026-09-12,B102,A203,3,634.6,0.4,Normal Household,External Supply Pipe Leak,No,,Normal,None
2026-09-13,B102,A203,3,651.1,1.0,Normal Household,External Supply Pipe Leak,No,,Normal,None
2026-09-14,B102,A203,3,679.0,0.8,Normal Household,External Supply Pipe Leak,No,,Normal,None
2026-09-15,B102,A203,3,666.3,0.2,Normal Household,External Supply Pipe Leak,No,,Normal,None
2026-09-16,B102,A203,3,463.0,0.1,Normal Household,External Supply Pipe Leak,No,,Normal,None
2026-09-17,B102,A203,3,650.4,0.0,Normal Household,External Supply Pipe Leak,No,,Normal,None
2026-09-18,B102,A203,3,670.2,0.0,Normal Household,External Supply Pipe Leak,No,,Normal,None
2026-09-19,B102,A203,3,739.6,1.3,Normal Household,External Supply Pipe Leak,No,,Normal,None
2026-09-20,B102,A203,3,764.2,1.0,Normal Household,External Supply Pipe Leak,No,,Normal,None
2026-09-21,B102,A203,3,617.4,0.7,Normal Household,External Supply Pipe Leak,No,,Normal,None
2026-09-22,B102,A203,3,634.5,0.7,Normal Household,External Supply Pipe Leak,No,,Normal,None
2026-09-23,B102,A203,3,723.2,1.1,Normal Household,External Supply Pipe Leak,No,,Normal,None
2026-09-24,B102,A203,3,573.6,0.7,Normal Household,External Supply Pipe Leak,No,,Normal,None
2026-09-25,B102,A203,3,695.5,0.1,Normal Household,External Supply Pipe Leak,No,,Normal,None
2026-09-26,B102,A203,3,716.6,1.0,Normal Household,External Supply Pipe Leak,No,,Normal,None
2026-06-29,B102,A204,2,472.5,1.0,Normal Household,External Supply Pipe Leak,No,,Normal,None
2026-06-30,B102,A204,2,459.0,0.4,Normal Household,External Supply Pipe Leak,No,,Normal,None
2026-07-01,B102,A204,2,451.6,0.6,Normal Household,External Supply Pipe Leak,No,,Normal,None
2026-07-02,B102,A204,2,441.0,1.1,Normal Household,External Supply Pipe Leak,No,,Normal,None
2026-07-03,B102,A204,2,544.5,0.4,Normal Household,External Supply Pipe Leak,No,,Normal,None
2026-07-04,B102,A204,2,492.1,1.1,Normal Household,External Supply Pipe Leak,No,,Normal,None
2026-07-05,B102,A204,2,542.9,0.9,Normal Household,External Supply Pipe Leak,No,,Normal,None
2026-07-06,B102,A204,2,407.6,0.0,Normal Household,External Supply Pipe Leak,No,,Normal,None
2026-07-07,B102,A204,2,456.1,1.3,Normal Household,External Supply Pipe Leak,No,,Normal,None
2026-07-08,B102,A204,2,416.1,1.2,Normal Household,External Supply Pipe Leak,No,,Normal,None
2026-07-09,B102,A204,2,530.4,0.4,Normal Household,External Supply Pipe Leak,No,,Normal,None
2026-07-10,B102,A204,2,486.5,0.8,Normal Household,External Supply Pipe Leak,No,,Normal,None
2026-07-11,B102,A204,2,513.7,1.4,Normal Household,External Supply Pipe Leak,No,,Normal,None
2026-07-12,B102,A204,2,599.0,0.2,Normal Household,External Supply Pipe Leak,No,,Normal,None
2026-07-13,B102,A204,2,440.8,0.6,Normal Household,External Supply Pipe Leak,No,,Normal,None
2026-07-14,B102,A204,2,410.1,0.7,Normal Household,External Supply Pipe Leak,No,,Normal,None
2026-07-15,B102,A204,2,527.4,1.0,Normal Household,External Supply Pipe Leak,No,,Normal,None
2026-07-16,B102,A204,2,480.4,0.7,Normal Household,External Supply Pipe Leak,No,,Normal,None
2026-07-17,B102,A204,2,491.7,1.5,Normal Household,External Supply Pipe Leak,No,,Normal,None
2026-07-18,B102,A204,2,572.3,1.2,Normal Household,External Supply Pipe Leak,No,,Normal,None
2026-07-19,B102,A204,2,473.0,1.3,Normal Household,External Supply Pipe Leak,No,,Normal,None
2026-07-20,B102,A204,2,531.5,1.5,Normal Household,External Supply Pipe Leak,No,,Normal,None
2026-07-21,B102,A204,2,440.2,0.8,Normal Household,External Supply Pipe Leak,No,,Normal,None
2026-07-22,B102,A204,2,485.6,0.9,Normal Household,External Supply Pipe Leak,No,,Normal,None
2026-07-23,B102,A204,2,460.6,1.5,Normal Household,External Supply Pipe Leak,No,,Normal,None
2026-07-24,B102,A204,2,499.0,0.6,Normal Household,External Supply Pipe Leak,No,,Normal,None
2026-07-25,B102,A204,2,481.0,1.2,Normal Household,External Supply Pipe Leak,No,,Normal,None
2026-07-26,B102,A204,2,532.2,1.0,Normal Household,External Supply Pipe Leak,No,,Normal,None
2026-07-27,B102,A204,2,415.3,0.4,Normal Household,External Supply Pipe Leak,No,,Normal,None
2026-07-28,B102,A204,2,469.8,0.3,Normal Household,External Supply Pipe Leak,No,,Normal,None
2026-07-29,B102,A204,2,467.3,1.0,Normal Household,External Supply Pipe Leak,No,,Normal,None
2026-07-30,B102,A204,2,405.6,0.9,Normal Household,External Supply Pipe Leak,No,,Normal,None
2026-07-31,B102,A204,2,456.5,1.1,Normal Household,External Supply Pipe Leak,No,,Normal,None
2026-08-01,B102,A204,2,463.9,0.5,Normal Household,External Supply Pipe Leak,No,,Normal,None
2026-08-02,B102,A204,2,549.0,1.6,Normal Household,External Supply Pipe Leak,No,,Normal,None
2026-08-03,B102,A204,2,464.6,0.7,Normal Household,External Supply Pipe Leak,No,,Normal,None
2026-08-04,B102,A204,2,363.4,0.4,Normal Household,External Supply Pipe Leak,No,,Normal,None
2026-08-05,B102,A204,2,454.3,1.2,Normal Household,External Supply Pipe Leak,No,,Normal,None
2026-08-06,B102,A204,2,483.2,0.6,Normal Household,External Supply Pipe Leak,No,,Normal,None
2026-08-07,B102,A204,2,490.9,0.5,Normal Household,External Supply Pipe Leak,No,,Normal,None
2026-08-08,B102,A204,2,479.2,0.6,Normal Household,External Supply Pipe Leak,No,,Normal,None
2026-08-09,B102,A204,2,600.4,0.1,Normal Household,External Supply Pipe Leak,No,,Normal,None
2026-08-10,B102,A204,2,481.9,0.5,Normal Household,External Supply Pipe Leak,No,,Normal,None
2026-08-11,B102,A204,2,433.7,1.5,Normal Household,External Supply Pipe Leak,No,,Normal,None
2026-08-12,B102,A204,2,471.7,1.3,Normal Household,External Supply Pipe Leak,No,,Normal,None
2026-08-13,B102,A204,2,454.1,0.9,Normal Household,External Supply Pipe Leak,No,,Normal,None
2026-08-14,B102,A204,2,434.2,0.7,Normal Household,External Supply Pipe Leak,No,,Normal,None
2026-08-15,B102,A204,2,550.5,0.5,Normal Household,External Supply Pipe Leak,No,,Normal,None
2026-08-16,B102,A204,2,505.6,1.0,Normal Household,External Supply Pipe Leak,No,,Normal,None
2026-08-17,B102,A204,2,483.6,1.2,Normal Household,External Supply Pipe Leak,No,,Normal,None
2026-08-18,B102,A204,2,443.6,0.2,Normal Household,External Supply Pipe Leak,No,,Normal,None
2026-08-19,B102,A204,2,489.9,0.1,Normal Household,External Supply Pipe Leak,No,,Normal,None
2026-08-20,B102,A204,2,445.6,0.4,Normal Household,External Supply Pipe Leak,No,,Normal,None
2026-08-21,B102,A204,2,499.3,0.7,Normal Household,External Supply Pipe Leak,No,,Normal,None
2026-08-22,B102,A204,2,559.7,0.4,Normal Household,External Supply Pipe Leak,No,,Normal,None
2026-08-23,B102,A204,2,510.1,0.2,Normal Household,External Supply Pipe Leak,No,,Normal,None
2026-08-24,B102,A204,2,375.5,0.9,Normal Household,External Supply Pipe Leak,No,,Normal,None
2026-08-25,B102,A204,2,459.4,0.6,Normal Household,External Supply Pipe Leak,No,,Normal,None
2026-08-26,B102,A204,2,524.0,1.2,Normal Household,External Supply Pipe Leak,No,,Normal,None
2026-08-27,B102,A204,2,484.4,0.8,Normal Household,External Supply Pipe Leak,No,,Normal,None
2026-08-28,B102,A204,2,481.9,0.5,Normal Household,External Supply Pipe Leak,No,,Normal,None
2026-08-29,B102,A204,2,467.6,1.1,Normal Household,External Supply Pipe Leak,No,,Normal,None
2026-08-30,B102,A204,2,564.2,1.0,Normal Household,External Supply Pipe Leak,No,,Normal,None
2026-08-31,B102,A204,2,369.7,1.4,Normal Household,External Supply Pipe Leak,No,,Normal,None
2026-09-01,B102,A204,2,465.3,0.7,Normal Household,External Supply Pipe Leak,No,,Normal,None
2026-09-02,B102,A204,2,486.4,0.9,Normal Household,External Supply Pipe Leak,No,,Normal,None
2026-09-03,B102,A204,2,376.6,0.7,Normal Household,External Supply Pipe Leak,No,,Normal,None
2026-09-04,B102,A204,2,472.9,1.4,Normal Household,External Supply Pipe Leak,No,,Normal,None
2026-09-05,B102,A204,2,433.5,1.1,Normal Household,External Supply Pipe Leak,No,,Normal,None
2026-09-06,B102,A204,2,434.9,1.5,Normal Household,External Supply Pipe Leak,No,,Normal,None
2026-09-07,B102,A204,2,584.8,1.0,Normal Household,External Supply Pipe Leak,No,,Normal,None
2026-09-08,B102,A204,2,459.9,0.9,Normal Household,External Supply Pipe Leak,No,,Normal,None
2026-09-09,B102,A204,2,514.1,0.6,Normal Household,External Supply Pipe Leak,No,,Normal,None
2026-09-10,B102,A204,2,389.6,0.8,Normal Household,External Supply Pipe Leak,No,,Normal,None
2026-09-11,B102,A204,2,462.2,0.2,Normal Household,External Supply Pipe Leak,No,,Normal,None
2026-09-12,B102,A204,2,413.6,1.7,Normal Household,External Supply Pipe Leak,No,,Normal,None
2026-09-13,B102,A204,2,532.1,0.7,Normal Household,External Supply Pipe Leak,No,,Normal,None
2026-09-14,B102,A204,2,449.6,1.4,Normal Household,External Supply Pipe Leak,No,,Normal,None
2026-09-15,B102,A204,2,426.6,0.9,Normal Household,External Supply Pipe Leak,No,,Normal,None
2026-09-16,B102,A204,2,484.7,0.2,Normal Household,External Supply Pipe Leak,No,,Normal,None
2026-09-17,B102,A204,2,448.2,1.1,Normal Household,External Supply Pipe Leak,No,,Normal,None
2026-09-18,B102,A204,2,542.3,0.0,Normal Household,External Supply Pipe Leak,No,,Normal,None
2026-09-19,B102,A204,2,516.1,1.6,Normal Household,External Supply Pipe Leak,No,,Normal,None
2026-09-20,B102,A204,2,525.0,0.2,Normal Household,External Supply Pipe Leak,No,,Normal,None
2026-09-21,B102,A204,2,415.3,0.6,Normal Household,External Supply Pipe Leak,No,,Normal,None
2026-09-22,B102,A204,2,528.8,1.8,Normal Household,External Supply Pipe Leak,No,,Normal,None
2026-09-23,B102,A204,2,389.5,1.3,Normal Household,External Supply Pipe Leak,No,,Normal,None
2026-09-24,B102,A204,2,483.3,0.8,Normal Household,External Supply Pipe Leak,No,,Normal,None
2026-09-25,B102,A204,2,488.2,0.5,Normal Household,External Supply Pipe Leak,No,,Normal,None
2026-09-26,B102,A204,2,477.5,1.1,Normal Household,External Supply Pipe Leak,No,,Normal,None
2026-06-29,B103,A301,5,771.9,1.0,Normal Household,Tank Float Valve / Overflow Loss,No,,Normal,None
2026-06-30,B103,A301,5,832.1,0.7,Normal Household,Tank Float Valve / Overflow Loss,No,,Normal,None
2026-07-01,B103,A301,5,819.2,0.5,Normal Household,Tank Float Valve / Overflow Loss,No,,Normal,None
2026-07-02,B103,A301,5,758.6,0.8,Normal Household,Tank Float Valve / Overflow Loss,No,,Normal,None
2026-07-03,B103,A301,5,876.2,0.5,Normal Household,Tank Float Valve / Overflow Loss,No,,Normal,None
2026-07-04,B103,A301,5,843.9,0.8,Normal Household,Tank Float Valve / Overflow Loss,No,,Normal,None
2026-07-05,B103,A301,5,824.2,0.7,Normal Household,Tank Float Valve / Overflow Loss,No,,Normal,None
2026-07-06,B103,A301,5,812.7,1.1,Normal Household,Tank Float Valve / Overflow Loss,No,,Normal,None
2026-07-07,B103,A301,5,850.9,0.6,Normal Household,Tank Float Valve / Overflow Loss,No,,Normal,None
2026-07-08,B103,A301,5,901.6,0.5,Normal Household,Tank Float Valve / Overflow Loss,No,,Normal,None
2026-07-09,B103,A301,5,856.8,0.5,Normal Household,Tank Float Valve / Overflow Loss,No,,Normal,None
2026-07-10,B103,A301,5,951.9,0.9,Normal Household,Tank Float Valve / Overflow Loss,No,,Normal,None
2026-07-11,B103,A301,5,921.5,0.8,Normal Household,Tank Float Valve / Overflow Loss,No,,Normal,None
2026-07-12,B103,A301,5,932.3,1.1,Normal Household,Tank Float Valve / Overflow Loss,No,,Normal,None
2026-07-13,B103,A301,5,804.2,0.7,Normal Household,Tank Float Valve / Overflow Loss,No,,Normal,None
2026-07-14,B103,A301,5,805.3,1.2,Normal Household,Tank Float Valve / Overflow Loss,No,,Normal,None
2026-07-15,B103,A301,5,853.4,1.3,Normal Household,Tank Float Valve / Overflow Loss,No,,Normal,None
2026-07-16,B103,A301,5,802.8,0.7,Normal Household,Tank Float Valve / Overflow Loss,No,,Normal,None
2026-07-17,B103,A301,5,844.9,0.2,Normal Household,Tank Float Valve / Overflow Loss,No,,Normal,None
2026-07-18,B103,A301,5,828.8,0.0,Normal Household,Tank Float Valve / Overflow Loss,No,,Normal,None
2026-07-19,B103,A301,5,871.1,0.6,Normal Household,Tank Float Valve / Overflow Loss,No,,Normal,None
2026-07-20,B103,A301,5,736.4,1.7,Normal Household,Tank Float Valve / Overflow Loss,No,,Normal,None
2026-07-21,B103,A301,5,796.3,0.5,Normal Household,Tank Float Valve / Overflow Loss,No,,Normal,None
2026-07-22,B103,A301,5,719.8,0.7,Normal Household,Tank Float Valve / Overflow Loss,No,,Normal,None
2026-07-23,B103,A301,5,767.7,1.0,Normal Household,Tank Float Valve / Overflow Loss,No,,Normal,None
2026-07-24,B103,A301,5,886.6,0.9,Normal Household,Tank Float Valve / Overflow Loss,No,,Normal,None
2026-07-25,B103,A301,5,846.6,0.5,Normal Household,Tank Float Valve / Overflow Loss,No,,Normal,None
2026-07-26,B103,A301,5,767.3,0.3,Normal Household,Tank Float Valve / Overflow Loss,No,,Normal,None
2026-07-27,B103,A301,5,828.9,1.3,Normal Household,Tank Float Valve / Overflow Loss,No,,Normal,None
2026-07-28,B103,A301,5,790.3,0.6,Normal Household,Tank Float Valve / Overflow Loss,No,,Normal,None
2026-07-29,B103,A301,5,707.4,0.9,Normal Household,Tank Float Valve / Overflow Loss,No,,Normal,None
2026-07-30,B103,A301,5,816.3,0.5,Normal Household,Tank Float Valve / Overflow Loss,No,,Normal,None
2026-07-31,B103,A301,5,895.4,0.8,Normal Household,Tank Float Valve / Overflow Loss,No,,Normal,None
2026-08-01,B103,A301,5,871.2,0.0,Normal Household,Tank Float Valve / Overflow Loss,No,,Normal,None
2026-08-02,B103,A301,5,823.5,1.6,Normal Household,Tank Float Valve / Overflow Loss,No,,Normal,None
2026-08-03,B103,A301,5,774.0,0.3,Normal Household,Tank Float Valve / Overflow Loss,No,,Normal,None
2026-08-04,B103,A301,5,692.8,0.1,Normal Household,Tank Float Valve / Overflow Loss,No,,Normal,None
2026-08-05,B103,A301,5,773.1,1.3,Normal Household,Tank Float Valve / Overflow Loss,No,,Normal,None
2026-08-06,B103,A301,5,845.9,0.0,Normal Household,Tank Float Valve / Overflow Loss,No,,Normal,None
2026-08-07,B103,A301,5,824.0,0.0,Normal Household,Tank Float Valve / Overflow Loss,No,,Normal,None
2026-08-08,B103,A301,5,897.4,0.4,Normal Household,Tank Float Valve / Overflow Loss,No,,Normal,None
2026-08-09,B103,A301,5,744.5,0.8,Normal Household,Tank Float Valve / Overflow Loss,No,,Normal,None
2026-08-10,B103,A301,5,736.0,0.6,Normal Household,Tank Float Valve / Overflow Loss,No,,Normal,None
2026-08-11,B103,A301,5,823.2,1.0,Normal Household,Tank Float Valve / Overflow Loss,No,,Normal,None
2026-08-12,B103,A301,5,795.0,1.0,Normal Household,Tank Float Valve / Overflow Loss,No,,Normal,None
2026-08-13,B103,A301,5,774.6,1.3,Normal Household,Tank Float Valve / Overflow Loss,No,,Normal,None
2026-08-14,B103,A301,5,923.8,1.7,Normal Household,Tank Float Valve / Overflow Loss,No,,Normal,None
2026-08-15,B103,A301,5,849.9,0.4,Normal Household,Tank Float Valve / Overflow Loss,No,,Normal,None
2026-08-16,B103,A301,5,887.9,0.9,Normal Household,Tank Float Valve / Overflow Loss,No,,Normal,None
2026-08-17,B103,A301,5,761.0,1.1,Normal Household,Tank Float Valve / Overflow Loss,No,,Normal,None
2026-08-18,B103,A301,5,746.4,1.6,Normal Household,Tank Float Valve / Overflow Loss,No,,Normal,None
2026-08-19,B103,A301,5,831.7,1.6,Normal Household,Tank Float Valve / Overflow Loss,No,,Normal,None
2026-08-20,B103,A301,5,833.3,0.4,Normal Household,Tank Float Valve / Overflow Loss,No,,Normal,None
2026-08-21,B103,A301,5,995.2,0.5,Normal Household,Tank Float Valve / Overflow Loss,No,,Normal,None
2026-08-22,B103,A301,5,893.9,1.1,Normal Household,Tank Float Valve / Overflow Loss,No,,Normal,None
2026-08-23,B103,A301,5,910.7,1.0,Normal Household,Tank Float Valve / Overflow Loss,No,,Normal,None
2026-08-24,B103,A301,5,739.0,0.8,Normal Household,Tank Float Valve / Overflow Loss,No,,Normal,None
2026-08-25,B103,A301,5,822.7,1.3,Normal Household,Tank Float Valve / Overflow Loss,No,,Normal,None
2026-08-26,B103,A301,5,746.5,1.0,Normal Household,Tank Float Valve / Overflow Loss,No,,Normal,None
2026-08-27,B103,A301,5,807.7,1.0,Normal Household,Tank Float Valve / Overflow Loss,No,,Normal,None
2026-08-28,B103,A301,5,828.4,0.0,Normal Household,Tank Float Valve / Overflow Loss,No,,Normal,None
2026-08-29,B103,A301,5,968.2,0.8,Normal Household,Tank Float Valve / Overflow Loss,No,,Normal,None
2026-08-30,B103,A301,5,900.8,0.9,Normal Household,Tank Float Valve / Overflow Loss,No,,Normal,None
2026-08-31,B103,A301,5,758.5,0.8,Normal Household,Tank Float Valve / Overflow Loss,No,,Normal,None
2026-09-01,B103,A301,5,736.2,1.6,Normal Household,Tank Float Valve / Overflow Loss,No,,Normal,None
2026-09-02,B103,A301,5,850.5,0.2,Normal Household,Tank Float Valve / Overflow Loss,No,,Normal,None
2026-09-03,B103,A301,5,791.5,1.1,Normal Household,Tank Float Valve / Overflow Loss,No,,Normal,None
2026-09-04,B103,A301,5,782.0,1.3,Normal Household,Tank Float Valve / Overflow Loss,No,,Normal,None
2026-09-05,B103,A301,5,844.8,0.6,Normal Household,Tank Float Valve / Overflow Loss,No,,Normal,None
2026-09-06,B103,A301,5,808.7,0.8,Normal Household,Tank Float Valve / Overflow Loss,No,,Normal,None
2026-09-07,B103,A301,5,784.1,0.0,Normal Household,Tank Float Valve / Overflow Loss,No,,Normal,None
2026-09-08,B103,A301,5,732.1,0.6,Normal Household,Tank Float Valve / Overflow Loss,No,,Normal,None
2026-09-09,B103,A301,5,821.7,0.5,Normal Household,Tank Float Valve / Overflow Loss,No,,Normal,None
2026-09-10,B103,A301,5,703.8,1.3,Normal Household,Tank Float Valve / Overflow Loss,No,,Normal,None
2026-09-11,B103,A301,5,806.0,0.8,Normal Household,Tank Float Valve / Overflow Loss,No,,Normal,None
2026-09-12,B103,A301,5,806.1,1.5,Normal Household,Tank Float Valve / Overflow Loss,No,,Normal,None
2026-09-13,B103,A301,5,869.5,0.7,Normal Household,Tank Float Valve / Overflow Loss,No,,Normal,None
2026-09-14,B103,A301,5,800.1,0.7,Normal Household,Tank Float Valve / Overflow Loss,No,,Normal,None
2026-09-15,B103,A301,5,749.4,0.2,Normal Household,Tank Float Valve / Overflow Loss,No,,Normal,None
2026-09-16,B103,A301,5,782.5,1.4,Normal Household,Tank Float Valve / Overflow Loss,No,,Normal,None
2026-09-17,B103,A301,5,737.4,0.1,Normal Household,Tank Float Valve / Overflow Loss,No,,Normal,None
2026-09-18,B103,A301,5,803.5,0.4,Normal Household,Tank Float Valve / Overflow Loss,No,,Normal,None
2026-09-19,B103,A301,5,805.3,1.4,Normal Household,Tank Float Valve / Overflow Loss,No,,Normal,None
2026-09-20,B103,A301,5,821.6,1.4,Normal Household,Tank Float Valve / Overflow Loss,No,,Normal,None
2026-09-21,B103,A301,5,789.4,1.3,Normal Household,Tank Float Valve / Overflow Loss,No,,Normal,None
2026-09-22,B103,A301,5,855.7,1.1,Normal Household,Tank Float Valve / Overflow Loss,No,,Normal,None
2026-09-23,B103,A301,5,782.3,1.2,Normal Household,Tank Float Valve / Overflow Loss,No,,Normal,None
2026-09-24,B103,A301,5,665.8,1.1,Normal Household,Tank Float Valve / Overflow Loss,No,,Normal,None
2026-09-25,B103,A301,5,877.9,1.1,Normal Household,Tank Float Valve / Overflow Loss,No,,Normal,None
2026-09-26,B103,A301,5,915.1,1.4,Normal Household,Tank Float Valve / Overflow Loss,No,,Normal,None
2026-06-29,B103,A302,4,762.4,0.1,Normal Household,Tank Float Valve / Overflow Loss,No,,Normal,None
2026-06-30,B103,A302,4,724.3,0.7,Normal Household,Tank Float Valve / Overflow Loss,No,,Normal,None
2026-07-01,B103,A302,4,687.4,0.9,Normal Household,Tank Float Valve / Overflow Loss,No,,Normal,None
2026-07-02,B103,A302,4,721.2,1.3,Normal Household,Tank Float Valve / Overflow Loss,No,,Normal,None
2026-07-03,B103,A302,4,805.2,0.6,Normal Household,Tank Float Valve / Overflow Loss,No,,Normal,None
2026-07-04,B103,A302,4,802.9,0.2,Normal Household,Tank Float Valve / Overflow Loss,No,,Normal,None
2026-07-05,B103,A302,4,770.6,0.6,Normal Household,Tank Float Valve / Overflow Loss,No,,Normal,None
2026-07-06,B103,A302,4,774.6,1.6,Normal Household,Tank Float Valve / Overflow Loss,No,,Normal,None
2026-07-07,B103,A302,4,687.7,1.0,Normal Household,Tank Float Valve / Overflow Loss,No,,Normal,None
2026-07-08,B103,A302,4,787.5,0.3,Normal Household,Tank Float Valve / Overflow Loss,No,,Normal,None
2026-07-09,B103,A302,4,806.1,0.7,Normal Household,Tank Float Valve / Overflow Loss,No,,Normal,None
2026-07-10,B103,A302,4,715.9,1.0,Normal Household,Tank Float Valve / Overflow Loss,No,,Normal,None
2026-07-11,B103,A302,4,811.0,0.6,Normal Household,Tank Float Valve / Overflow Loss,No,,Normal,None
2026-07-12,B103,A302,4,655.9,0.2,Normal Household,Tank Float Valve / Overflow Loss,No,,Normal,None
2026-07-13,B103,A302,4,864.4,0.8,Normal Household,Tank Float Valve / Overflow Loss,No,,Normal,None
2026-07-14,B103,A302,4,830.3,1.0,Normal Household,Tank Float Valve / Overflow Loss,No,,Normal,None
2026-07-15,B103,A302,4,743.6,0.2,Normal Household,Tank Float Valve / Overflow Loss,No,,Normal,None
2026-07-16,B103,A302,4,838.5,0.5,Normal Household,Tank Float Valve / Overflow Loss,No,,Normal,None
2026-07-17,B103,A302,4,730.4,1.4,Normal Household,Tank Float Valve / Overflow Loss,No,,Normal,None
2026-07-18,B103,A302,4,801.5,0.0,Normal Household,Tank Float Valve / Overflow Loss,No,,Normal,None
2026-07-19,B103,A302,4,797.2,0.6,Normal Household,Tank Float Valve / Overflow Loss,No,,Normal,None
2026-07-20,B103,A302,4,615.7,0.1,Normal Household,Tank Float Valve / Overflow Loss,No,,Normal,None
2026-07-21,B103,A302,4,771.1,0.6,Normal Household,Tank Float Valve / Overflow Loss,No,,Normal,None
2026-07-22,B103,A302,4,710.3,1.1,Normal Household,Tank Float Valve / Overflow Loss,No,,Normal,None
2026-07-23,B103,A302,4,744.6,1.9,Normal Household,Tank Float Valve / Overflow Loss,No,,Normal,None
2026-07-24,B103,A302,4,803.9,0.2,Normal Household,Tank Float Valve / Overflow Loss,No,,Normal,None
2026-07-25,B103,A302,4,760.1,1.0,Normal Household,Tank Float Valve / Overflow Loss,No,,Normal,None
2026-07-26,B103,A302,4,790.5,0.3,Normal Household,Tank Float Valve / Overflow Loss,No,,Normal,None
2026-07-27,B103,A302,4,703.2,0.5,Normal Household,Tank Float Valve / Overflow Loss,No,,Normal,None
2026-07-28,B103,A302,4,662.0,0.0,Normal Household,Tank Float Valve / Overflow Loss,No,,Normal,None
2026-07-29,B103,A302,4,602.0,0.8,Normal Household,Tank Float Valve / Overflow Loss,No,,Normal,None
2026-07-30,B103,A302,4,706.8,1.0,Normal Household,Tank Float Valve / Overflow Loss,No,,Normal,None
2026-07-31,B103,A302,4,713.3,0.5,Normal Household,Tank Float Valve / Overflow Loss,No,,Normal,None
2026-08-01,B103,A302,4,780.0,1.6,Normal Household,Tank Float Valve / Overflow Loss,No,,Normal,None
2026-08-02,B103,A302,4,731.0,1.1,Normal Household,Tank Float Valve / Overflow Loss,No,,Normal,None
2026-08-03,B103,A302,4,740.3,0.7,Normal Household,Tank Float Valve / Overflow Loss,No,,Normal,None
2026-08-04,B103,A302,4,780.5,0.3,Normal Household,Tank Float Valve / Overflow Loss,No,,Normal,None
2026-08-05,B103,A302,4,805.0,1.0,Normal Household,Tank Float Valve / Overflow Loss,No,,Normal,None
2026-08-06,B103,A302,4,662.9,0.0,Normal Household,Tank Float Valve / Overflow Loss,No,,Normal,None
2026-08-07,B103,A302,4,736.9,0.7,Normal Household,Tank Float Valve / Overflow Loss,No,,Normal,None
2026-08-08,B103,A302,4,814.4,0.6,Normal Household,Tank Float Valve / Overflow Loss,No,,Normal,None
2026-08-09,B103,A302,4,758.9,0.8,Normal Household,Tank Float Valve / Overflow Loss,No,,Normal,None
2026-08-10,B103,A302,4,728.2,1.4,Normal Household,Tank Float Valve / Overflow Loss,No,,Normal,None
2026-08-11,B103,A302,4,721.1,0.0,Normal Household,Tank Float Valve / Overflow Loss,No,,Normal,None
2026-08-12,B103,A302,4,727.4,0.1,Normal Household,Tank Float Valve / Overflow Loss,No,,Normal,None
2026-08-13,B103,A302,4,746.9,0.8,Normal Household,Tank Float Valve / Overflow Loss,No,,Normal,None
2026-08-14,B103,A302,4,707.0,1.2,Normal Household,Tank Float Valve / Overflow Loss,No,,Normal,None
2026-08-15,B103,A302,4,772.0,0.3,Normal Household,Tank Float Valve / Overflow Loss,No,,Normal,None
2026-08-16,B103,A302,4,820.6,1.1,Normal Household,Tank Float Valve / Overflow Loss,No,,Normal,None
2026-08-17,B103,A302,4,839.8,0.7,Normal Household,Tank Float Valve / Overflow Loss,No,,Normal,None
2026-08-18,B103,A302,4,656.5,0.7,Normal Household,Tank Float Valve / Overflow Loss,No,,Normal,None
2026-08-19,B103,A302,4,741.8,0.9,Normal Household,Tank Float Valve / Overflow Loss,No,,Normal,None
2026-08-20,B103,A302,4,719.1,0.9,Normal Household,Tank Float Valve / Overflow Loss,No,,Normal,None
2026-08-21,B103,A302,4,850.1,0.8,Normal Household,Tank Float Valve / Overflow Loss,No,,Normal,None
2026-08-22,B103,A302,4,855.5,0.3,Normal Household,Tank Float Valve / Overflow Loss,No,,Normal,None
2026-08-23,B103,A302,4,793.2,1.0,Normal Household,Tank Float Valve / Overflow Loss,No,,Normal,None
2026-08-24,B103,A302,4,668.1,1.0,Normal Household,Tank Float Valve / Overflow Loss,No,,Normal,None
2026-08-25,B103,A302,4,693.6,0.6,Normal Household,Tank Float Valve / Overflow Loss,No,,Normal,None
2026-08-26,B103,A302,4,676.3,0.0,Normal Household,Tank Float Valve / Overflow Loss,No,,Normal,None
2026-08-27,B103,A302,4,740.8,1.1,Normal Household,Tank Float Valve / Overflow Loss,No,,Normal,None
2026-08-28,B103,A302,4,827.1,1.3,Normal Household,Tank Float Valve / Overflow Loss,No,,Normal,None
2026-08-29,B103,A302,4,716.4,0.8,Normal Household,Tank Float Valve / Overflow Loss,No,,Normal,None
2026-08-30,B103,A302,4,756.6,0.2,Normal Household,Tank Float Valve / Overflow Loss,No,,Normal,None
2026-08-31,B103,A302,4,685.2,0.0,Normal Household,Tank Float Valve / Overflow Loss,No,,Normal,None
2026-09-01,B103,A302,4,730.6,1.7,Normal Household,Tank Float Valve / Overflow Loss,No,,Normal,None
2026-09-02,B103,A302,4,754.4,1.2,Normal Household,Tank Float Valve / Overflow Loss,No,,Normal,None
2026-09-03,B103,A302,4,731.9,0.6,Normal Household,Tank Float Valve / Overflow Loss,No,,Normal,None
2026-09-04,B103,A302,4,786.2,0.7,Normal Household,Tank Float Valve / Overflow Loss,No,,Normal,None
2026-09-05,B103,A302,4,814.4,0.6,Normal Household,Tank Float Valve / Overflow Loss,No,,Normal,None
2026-09-06,B103,A302,4,784.9,0.3,Normal Household,Tank Float Valve / Overflow Loss,No,,Normal,None
2026-09-07,B103,A302,4,730.5,0.2,Normal Household,Tank Float Valve / Overflow Loss,No,,Normal,None
2026-09-08,B103,A302,4,751.1,0.8,Normal Household,Tank Float Valve / Overflow Loss,No,,Normal,None
2026-09-09,B103,A302,4,660.2,0.6,Normal Household,Tank Float Valve / Overflow Loss,No,,Normal,None
2026-09-10,B103,A302,4,673.1,0.4,Normal Household,Tank Float Valve / Overflow Loss,No,,Normal,None
2026-09-11,B103,A302,4,763.1,1.2,Normal Household,Tank Float Valve / Overflow Loss,No,,Normal,None
2026-09-12,B103,A302,4,687.0,1.1,Normal Household,Tank Float Valve / Overflow Loss,No,,Normal,None
2026-09-13,B103,A302,4,751.8,0.9,Normal Household,Tank Float Valve / Overflow Loss,No,,Normal,None
2026-09-14,B103,A302,4,703.9,0.8,Normal Household,Tank Float Valve / Overflow Loss,No,,Normal,None
2026-09-15,B103,A302,4,692.6,0.7,Normal Household,Tank Float Valve / Overflow Loss,No,,Normal,None
2026-09-16,B103,A302,4,714.6,0.0,Normal Household,Tank Float Valve / Overflow Loss,No,,Normal,None
2026-09-17,B103,A302,4,728.4,0.5,Normal Household,Tank Float Valve / Overflow Loss,No,,Normal,None
2026-09-18,B103,A302,4,752.3,1.2,Normal Household,Tank Float Valve / Overflow Loss,No,,Normal,None
2026-09-19,B103,A302,4,788.4,0.9,Normal Household,Tank Float Valve / Overflow Loss,No,,Normal,None
2026-09-20,B103,A302,4,768.5,0.9,Normal Household,Tank Float Valve / Overflow Loss,No,,Normal,None
2026-09-21,B103,A302,4,687.2,1.0,Normal Household,Tank Float Valve / Overflow Loss,No,,Normal,None
2026-09-22,B103,A302,4,813.1,0.0,Normal Household,Tank Float Valve / Overflow Loss,No,,Normal,None
2026-09-23,B103,A302,4,710.3,1.0,Normal Household,Tank Float Valve / Overflow Loss,No,,Normal,None
2026-09-24,B103,A302,4,714.0,0.8,Normal Household,Tank Float Valve / Overflow Loss,No,,Normal,None
2026-09-25,B103,A302,4,839.4,0.9,Normal Household,Tank Float Valve / Overflow Loss,No,,Normal,None
2026-09-26,B103,A302,4,826.6,0.1,Normal Household,Tank Float Valve / Overflow Loss,No,,Normal,None
2026-06-29,B103,A303,6,949.6,1.2,High Legitimate Usage,Tank Float Valve / Overflow Loss,No,,Normal,None
2026-06-30,B103,A303,6,944.4,0.6,High Legitimate Usage,Tank Float Valve / Overflow Loss,No,,Normal,None
2026-07-01,B103,A303,6,943.0,0.5,High Legitimate Usage,Tank Float Valve / Overflow Loss,No,,Normal,None
2026-07-02,B103,A303,6,904.6,0.7,High Legitimate Usage,Tank Float Valve / Overflow Loss,No,,Normal,None
2026-07-03,B103,A303,6,1066.0,0.9,High Legitimate Usage,Tank Float Valve / Overflow Loss,No,,Normal,None
2026-07-04,B103,A303,6,1066.7,0.6,High Legitimate Usage,Tank Float Valve / Overflow Loss,No,,Normal,None
2026-07-05,B103,A303,6,1070.4,0.6,High Legitimate Usage,Tank Float Valve / Overflow Loss,No,,Normal,None
2026-07-06,B103,A303,6,936.6,0.6,High Legitimate Usage,Tank Float Valve / Overflow Loss,No,,Normal,None
2026-07-07,B103,A303,6,929.8,1.5,High Legitimate Usage,Tank Float Valve / Overflow Loss,No,,Normal,None
2026-07-08,B103,A303,6,980.7,1.0,High Legitimate Usage,Tank Float Valve / Overflow Loss,No,,Normal,None
2026-07-09,B103,A303,6,1009.3,1.3,High Legitimate Usage,Tank Float Valve / Overflow Loss,No,,Normal,None
2026-07-10,B103,A303,6,1058.3,0.6,High Legitimate Usage,Tank Float Valve / Overflow Loss,No,,Normal,None
2026-07-11,B103,A303,6,1093.0,1.0,High Legitimate Usage,Tank Float Valve / Overflow Loss,No,,Normal,None
2026-07-12,B103,A303,6,978.4,0.7,High Legitimate Usage,Tank Float Valve / Overflow Loss,No,,Normal,None
2026-07-13,B103,A303,6,888.1,0.4,High Legitimate Usage,Tank Float Valve / Overflow Loss,No,,Normal,None
2026-07-14,B103,A303,6,860.2,1.1,High Legitimate Usage,Tank Float Valve / Overflow Loss,No,,Normal,None
2026-07-15,B103,A303,6,1007.3,0.4,High Legitimate Usage,Tank Float Valve / Overflow Loss,No,,Normal,None
2026-07-16,B103,A303,6,972.2,0.9,High Legitimate Usage,Tank Float Valve / Overflow Loss,No,,Normal,None
2026-07-17,B103,A303,6,1885.3,0.7,High Legitimate Usage,Tank Float Valve / Overflow Loss,Yes,,Smart Form Required,None
2026-07-18,B103,A303,6,1784.9,0.9,High Legitimate Usage,Tank Float Valve / Overflow Loss,Yes,,Smart Form Required,None
2026-07-19,B103,A303,6,1941.3,1.2,High Legitimate Usage,Tank Float Valve / Overflow Loss,Yes,Yes — expected high usage,Smart Form Required,None
2026-07-20,B103,A303,6,850.1,1.0,High Legitimate Usage,Tank Float Valve / Overflow Loss,No,,Normal,None
2026-07-21,B103,A303,6,916.0,0.3,High Legitimate Usage,Tank Float Valve / Overflow Loss,No,,Normal,None
2026-07-22,B103,A303,6,874.9,1.2,High Legitimate Usage,Tank Float Valve / Overflow Loss,No,,Normal,None
2026-07-23,B103,A303,6,837.8,0.9,High Legitimate Usage,Tank Float Valve / Overflow Loss,No,,Normal,None
2026-07-24,B103,A303,6,979.2,0.3,High Legitimate Usage,Tank Float Valve / Overflow Loss,No,,Normal,None
2026-07-25,B103,A303,6,1031.1,0.8,High Legitimate Usage,Tank Float Valve / Overflow Loss,No,,Normal,None
2026-07-26,B103,A303,6,1002.8,0.7,High Legitimate Usage,Tank Float Valve / Overflow Loss,No,,Normal,None
2026-07-27,B103,A303,6,864.7,0.6,High Legitimate Usage,Tank Float Valve / Overflow Loss,No,,Normal,None
2026-07-28,B103,A303,6,879.9,0.4,High Legitimate Usage,Tank Float Valve / Overflow Loss,No,,Normal,None
2026-07-29,B103,A303,6,929.7,0.7,High Legitimate Usage,Tank Float Valve / Overflow Loss,No,,Normal,None
2026-07-30,B103,A303,6,901.7,0.5,High Legitimate Usage,Tank Float Valve / Overflow Loss,No,,Normal,None
2026-07-31,B103,A303,6,1048.0,0.6,High Legitimate Usage,Tank Float Valve / Overflow Loss,No,,Normal,None
2026-08-01,B103,A303,6,991.8,1.5,High Legitimate Usage,Tank Float Valve / Overflow Loss,No,,Normal,None
2026-08-02,B103,A303,6,1026.9,0.5,High Legitimate Usage,Tank Float Valve / Overflow Loss,No,,Normal,None
2026-08-03,B103,A303,6,913.6,1.1,High Legitimate Usage,Tank Float Valve / Overflow Loss,No,,Normal,None
2026-08-04,B103,A303,6,900.2,0.5,High Legitimate Usage,Tank Float Valve / Overflow Loss,No,,Normal,None
2026-08-05,B103,A303,6,885.3,0.8,High Legitimate Usage,Tank Float Valve / Overflow Loss,No,,Normal,None
2026-08-06,B103,A303,6,912.6,0.8,High Legitimate Usage,Tank Float Valve / Overflow Loss,No,,Normal,None
2026-08-07,B103,A303,6,900.8,2.0,High Legitimate Usage,Tank Float Valve / Overflow Loss,No,,Normal,None
2026-08-08,B103,A303,6,1028.4,1.4,High Legitimate Usage,Tank Float Valve / Overflow Loss,No,,Normal,None
2026-08-09,B103,A303,6,986.9,1.0,High Legitimate Usage,Tank Float Valve / Overflow Loss,No,,Normal,None
2026-08-10,B103,A303,6,944.5,0.0,High Legitimate Usage,Tank Float Valve / Overflow Loss,No,,Normal,None
2026-08-11,B103,A303,6,965.0,0.5,High Legitimate Usage,Tank Float Valve / Overflow Loss,No,,Normal,None
2026-08-12,B103,A303,6,883.3,0.3,High Legitimate Usage,Tank Float Valve / Overflow Loss,No,,Normal,None
2026-08-13,B103,A303,6,942.0,1.1,High Legitimate Usage,Tank Float Valve / Overflow Loss,No,,Normal,None
2026-08-14,B103,A303,6,1080.7,0.0,High Legitimate Usage,Tank Float Valve / Overflow Loss,No,,Normal,None
2026-08-15,B103,A303,6,1094.5,1.7,High Legitimate Usage,Tank Float Valve / Overflow Loss,No,,Normal,None
2026-08-16,B103,A303,6,1866.9,1.1,High Legitimate Usage,Tank Float Valve / Overflow Loss,Yes,,Smart Form Required,None
2026-08-17,B103,A303,6,1866.4,1.5,High Legitimate Usage,Tank Float Valve / Overflow Loss,Yes,,Smart Form Required,None
2026-08-18,B103,A303,6,990.1,1.2,High Legitimate Usage,Tank Float Valve / Overflow Loss,No,,Normal,None
2026-08-19,B103,A303,6,977.4,0.7,High Legitimate Usage,Tank Float Valve / Overflow Loss,No,,Normal,None
2026-08-20,B103,A303,6,906.5,0.7,High Legitimate Usage,Tank Float Valve / Overflow Loss,No,,Normal,None
2026-08-21,B103,A303,6,1085.6,0.7,High Legitimate Usage,Tank Float Valve / Overflow Loss,No,,Normal,None
2026-08-22,B103,A303,6,1070.7,0.8,High Legitimate Usage,Tank Float Valve / Overflow Loss,No,,Normal,None
2026-08-23,B103,A303,6,1074.3,0.8,High Legitimate Usage,Tank Float Valve / Overflow Loss,No,,Normal,None
2026-08-24,B103,A303,6,917.0,0.4,High Legitimate Usage,Tank Float Valve / Overflow Loss,No,,Normal,None
2026-08-25,B103,A303,6,931.6,0.4,High Legitimate Usage,Tank Float Valve / Overflow Loss,No,,Normal,None
2026-08-26,B103,A303,6,955.7,0.7,High Legitimate Usage,Tank Float Valve / Overflow Loss,No,,Normal,None
2026-08-27,B103,A303,6,888.1,0.9,High Legitimate Usage,Tank Float Valve / Overflow Loss,No,,Normal,None
2026-08-28,B103,A303,6,1103.5,1.0,High Legitimate Usage,Tank Float Valve / Overflow Loss,No,,Normal,None
2026-08-29,B103,A303,6,1062.8,0.7,High Legitimate Usage,Tank Float Valve / Overflow Loss,No,,Normal,None
2026-08-30,B103,A303,6,1026.7,1.1,High Legitimate Usage,Tank Float Valve / Overflow Loss,No,,Normal,None
2026-08-31,B103,A303,6,909.9,0.8,High Legitimate Usage,Tank Float Valve / Overflow Loss,No,,Normal,None
2026-09-01,B103,A303,6,964.1,1.0,High Legitimate Usage,Tank Float Valve / Overflow Loss,No,,Normal,None
2026-09-02,B103,A303,6,893.2,1.0,High Legitimate Usage,Tank Float Valve / Overflow Loss,No,,Normal,None
2026-09-03,B103,A303,6,936.4,0.9,High Legitimate Usage,Tank Float Valve / Overflow Loss,No,,Normal,None
2026-09-04,B103,A303,6,925.6,0.4,High Legitimate Usage,Tank Float Valve / Overflow Loss,No,,Normal,None
2026-09-05,B103,A303,6,916.1,1.4,High Legitimate Usage,Tank Float Valve / Overflow Loss,No,,Normal,None
2026-09-06,B103,A303,6,1012.2,1.0,High Legitimate Usage,Tank Float Valve / Overflow Loss,No,,Normal,None
2026-09-07,B103,A303,6,912.1,1.5,High Legitimate Usage,Tank Float Valve / Overflow Loss,No,,Normal,None
2026-09-08,B103,A303,6,959.5,0.6,High Legitimate Usage,Tank Float Valve / Overflow Loss,No,,Normal,None
2026-09-09,B103,A303,6,929.4,1.0,High Legitimate Usage,Tank Float Valve / Overflow Loss,No,,Normal,None
2026-09-10,B103,A303,6,974.5,0.1,High Legitimate Usage,Tank Float Valve / Overflow Loss,No,,Normal,None
2026-09-11,B103,A303,6,970.1,1.4,High Legitimate Usage,Tank Float Valve / Overflow Loss,No,,Normal,None
2026-09-12,B103,A303,6,981.0,1.3,High Legitimate Usage,Tank Float Valve / Overflow Loss,No,,Normal,None
2026-09-13,B103,A303,6,981.7,0.0,High Legitimate Usage,Tank Float Valve / Overflow Loss,No,,Normal,None
2026-09-14,B103,A303,6,882.3,1.2,High Legitimate Usage,Tank Float Valve / Overflow Loss,No,,Normal,None
2026-09-15,B103,A303,6,981.2,1.0,High Legitimate Usage,Tank Float Valve / Overflow Loss,No,,Normal,None
2026-09-16,B103,A303,6,907.6,1.2,High Legitimate Usage,Tank Float Valve / Overflow Loss,No,,Normal,None
2026-09-17,B103,A303,6,901.7,0.9,High Legitimate Usage,Tank Float Valve / Overflow Loss,No,,Normal,None
2026-09-18,B103,A303,6,1025.1,0.5,High Legitimate Usage,Tank Float Valve / Overflow Loss,No,,Normal,None
2026-09-19,B103,A303,6,995.8,0.4,High Legitimate Usage,Tank Float Valve / Overflow Loss,No,,Normal,None
2026-09-20,B103,A303,6,1014.5,0.9,High Legitimate Usage,Tank Float Valve / Overflow Loss,No,,Normal,None
2026-09-21,B103,A303,6,951.8,1.2,High Legitimate Usage,Tank Float Valve / Overflow Loss,No,,Normal,None
2026-09-22,B103,A303,6,912.3,0.4,High Legitimate Usage,Tank Float Valve / Overflow Loss,No,,Normal,None
2026-09-23,B103,A303,6,930.1,1.5,High Legitimate Usage,Tank Float Valve / Overflow Loss,No,,Normal,None
2026-09-24,B103,A303,6,1010.3,0.8,High Legitimate Usage,Tank Float Valve / Overflow Loss,No,,Normal,None
2026-09-25,B103,A303,6,1019.5,0.8,High Legitimate Usage,Tank Float Valve / Overflow Loss,No,,Normal,None
2026-09-26,B103,A303,6,1067.8,1.4,High Legitimate Usage,Tank Float Valve / Overflow Loss,No,,Normal,None
2026-06-29,B103,A304,3,524.6,0.6,Hidden Internal Leak,Tank Float Valve / Overflow Loss,No,,Normal,None
2026-06-30,B103,A304,3,554.5,0.7,Hidden Internal Leak,Tank Float Valve / Overflow Loss,No,,Normal,None
2026-07-01,B103,A304,3,566.5,0.4,Hidden Internal Leak,Tank Float Valve / Overflow Loss,No,,Normal,None
2026-07-02,B103,A304,3,621.9,1.6,Hidden Internal Leak,Tank Float Valve / Overflow Loss,No,,Normal,None
2026-07-03,B103,A304,3,657.9,1.1,Hidden Internal Leak,Tank Float Valve / Overflow Loss,No,,Normal,None
2026-07-04,B103,A304,3,733.5,0.4,Hidden Internal Leak,Tank Float Valve / Overflow Loss,No,,Normal,None
2026-07-05,B103,A304,3,634.6,0.3,Hidden Internal Leak,Tank Float Valve / Overflow Loss,No,,Normal,None
2026-07-06,B103,A304,3,500.3,0.0,Hidden Internal Leak,Tank Float Valve / Overflow Loss,No,,Normal,None
2026-07-07,B103,A304,3,514.7,0.6,Hidden Internal Leak,Tank Float Valve / Overflow Loss,No,,Normal,None
2026-07-08,B103,A304,3,562.2,1.3,Hidden Internal Leak,Tank Float Valve / Overflow Loss,No,,Normal,None
2026-07-09,B103,A304,3,570.5,1.4,Hidden Internal Leak,Tank Float Valve / Overflow Loss,No,,Normal,None
2026-07-10,B103,A304,3,676.0,0.8,Hidden Internal Leak,Tank Float Valve / Overflow Loss,No,,Normal,None
2026-07-11,B103,A304,3,622.3,0.7,Hidden Internal Leak,Tank Float Valve / Overflow Loss,No,,Normal,None
2026-07-12,B103,A304,3,668.7,0.2,Hidden Internal Leak,Tank Float Valve / Overflow Loss,No,,Normal,None
2026-07-13,B103,A304,3,486.2,1.3,Hidden Internal Leak,Tank Float Valve / Overflow Loss,No,,Normal,None
2026-07-14,B103,A304,3,569.7,0.2,Hidden Internal Leak,Tank Float Valve / Overflow Loss,No,,Normal,None
2026-07-15,B103,A304,3,550.0,1.2,Hidden Internal Leak,Tank Float Valve / Overflow Loss,No,,Normal,None
2026-07-16,B103,A304,3,651.9,1.5,Hidden Internal Leak,Tank Float Valve / Overflow Loss,No,,Normal,None
2026-07-17,B103,A304,3,613.2,1.4,Hidden Internal Leak,Tank Float Valve / Overflow Loss,No,,Normal,None
2026-07-18,B103,A304,3,596.1,1.5,Hidden Internal Leak,Tank Float Valve / Overflow Loss,No,,Normal,None
2026-07-19,B103,A304,3,639.1,0.4,Hidden Internal Leak,Tank Float Valve / Overflow Loss,No,,Normal,None
2026-07-20,B103,A304,3,612.7,0.5,Hidden Internal Leak,Tank Float Valve / Overflow Loss,No,,Normal,None
2026-07-21,B103,A304,3,630.7,0.4,Hidden Internal Leak,Tank Float Valve / Overflow Loss,No,,Normal,None
2026-07-22,B103,A304,3,532.3,0.7,Hidden Internal Leak,Tank Float Valve / Overflow Loss,No,,Normal,None
2026-07-23,B103,A304,3,553.9,1.0,Hidden Internal Leak,Tank Float Valve / Overflow Loss,No,,Normal,None
2026-07-24,B103,A304,3,551.4,1.0,Hidden Internal Leak,Tank Float Valve / Overflow Loss,No,,Normal,None
2026-07-25,B103,A304,3,672.2,1.3,Hidden Internal Leak,Tank Float Valve / Overflow Loss,No,,Normal,None
2026-07-26,B103,A304,3,616.7,0.9,Hidden Internal Leak,Tank Float Valve / Overflow Loss,No,,Normal,None
2026-07-27,B103,A304,3,472.7,0.4,Hidden Internal Leak,Tank Float Valve / Overflow Loss,No,,Normal,None
2026-07-28,B103,A304,3,546.0,0.7,Hidden Internal Leak,Tank Float Valve / Overflow Loss,No,,Normal,None
2026-07-29,B103,A304,3,533.8,0.9,Hidden Internal Leak,Tank Float Valve / Overflow Loss,No,,Normal,None
2026-07-30,B103,A304,3,486.2,0.0,Hidden Internal Leak,Tank Float Valve / Overflow Loss,No,,Normal,None
2026-07-31,B103,A304,3,616.9,1.1,Hidden Internal Leak,Tank Float Valve / Overflow Loss,No,,Normal,None
2026-08-01,B103,A304,3,574.6,1.0,Hidden Internal Leak,Tank Float Valve / Overflow Loss,No,,Normal,None
2026-08-02,B103,A304,3,593.3,1.2,Hidden Internal Leak,Tank Float Valve / Overflow Loss,No,,Normal,None
2026-08-03,B103,A304,3,475.9,0.4,Hidden Internal Leak,Tank Float Valve / Overflow Loss,No,,Normal,None
2026-08-04,B103,A304,3,512.8,0.2,Hidden Internal Leak,Tank Float Valve / Overflow Loss,No,,Normal,None
2026-08-05,B103,A304,3,556.5,1.4,Hidden Internal Leak,Tank Float Valve / Overflow Loss,No,,Normal,None
2026-08-06,B103,A304,3,560.7,0.3,Hidden Internal Leak,Tank Float Valve / Overflow Loss,No,,Normal,None
2026-08-07,B103,A304,3,535.6,1.0,Hidden Internal Leak,Tank Float Valve / Overflow Loss,No,,Normal,None
2026-08-08,B103,A304,3,612.3,1.2,Hidden Internal Leak,Tank Float Valve / Overflow Loss,No,,Normal,None
2026-08-09,B103,A304,3,566.0,0.4,Hidden Internal Leak,Tank Float Valve / Overflow Loss,No,,Normal,None
2026-08-10,B103,A304,3,514.3,0.8,Hidden Internal Leak,Tank Float Valve / Overflow Loss,No,,Normal,None
2026-08-11,B103,A304,3,538.0,1.4,Hidden Internal Leak,Tank Float Valve / Overflow Loss,No,,Normal,None
2026-08-12,B103,A304,3,584.3,1.1,Hidden Internal Leak,Tank Float Valve / Overflow Loss,No,,Normal,None
2026-08-13,B103,A304,3,581.9,0.0,Hidden Internal Leak,Tank Float Valve / Overflow Loss,No,,Normal,None
2026-08-14,B103,A304,3,592.7,0.8,Hidden Internal Leak,Tank Float Valve / Overflow Loss,No,,Normal,None
2026-08-15,B103,A304,3,652.5,0.8,Hidden Internal Leak,Tank Float Valve / Overflow Loss,No,,Normal,None
2026-08-16,B103,A304,3,668.5,1.1,Hidden Internal Leak,Tank Float Valve / Overflow Loss,No,,Normal,None
2026-08-17,B103,A304,3,596.1,0.4,Hidden Internal Leak,Tank Float Valve / Overflow Loss,No,,Normal,None
2026-08-18,B103,A304,3,625.3,1.1,Hidden Internal Leak,Tank Float Valve / Overflow Loss,No,,Normal,None
2026-08-19,B103,A304,3,546.0,0.5,Hidden Internal Leak,Tank Float Valve / Overflow Loss,No,,Normal,None
2026-08-20,B103,A304,3,673.3,0.7,Hidden Internal Leak,Tank Float Valve / Overflow Loss,No,,Normal,None
2026-08-21,B103,A304,3,621.8,0.6,Hidden Internal Leak,Tank Float Valve / Overflow Loss,No,,Normal,None
2026-08-22,B103,A304,3,716.2,1.3,Hidden Internal Leak,Tank Float Valve / Overflow Loss,No,,Normal,None
2026-08-23,B103,A304,3,882.4,169.7,Hidden Internal Leak,Tank Float Valve / Overflow Loss,No,,Possible Internal Leak,Internal / Hidden
2026-08-24,B103,A304,3,815.7,165.5,Hidden Internal Leak,Tank Float Valve / Overflow Loss,No,,Possible Internal Leak,Internal / Hidden
2026-08-25,B103,A304,3,873.5,175.9,Hidden Internal Leak,Tank Float Valve / Overflow Loss,No,,Possible Internal Leak,Internal / Hidden
2026-08-26,B103,A304,3,790.6,166.2,Hidden Internal Leak,Tank Float Valve / Overflow Loss,No,,Possible Internal Leak,Internal / Hidden
2026-08-27,B103,A304,3,827.0,196.7,Hidden Internal Leak,Tank Float Valve / Overflow Loss,No,,Possible Internal Leak,Internal / Hidden
2026-08-28,B103,A304,3,815.8,175.0,Hidden Internal Leak,Tank Float Valve / Overflow Loss,No,,Possible Internal Leak,Internal / Hidden
2026-08-29,B103,A304,3,862.3,180.5,Hidden Internal Leak,Tank Float Valve / Overflow Loss,No,,Possible Internal Leak,Internal / Hidden
2026-08-30,B103,A304,3,888.0,164.0,Hidden Internal Leak,Tank Float Valve / Overflow Loss,No,,Possible Internal Leak,Internal / Hidden
2026-08-31,B103,A304,3,823.8,168.9,Hidden Internal Leak,Tank Float Valve / Overflow Loss,No,,Possible Internal Leak,Internal / Hidden
2026-09-01,B103,A304,3,795.1,155.7,Hidden Internal Leak,Tank Float Valve / Overflow Loss,No,,Possible Internal Leak,Internal / Hidden
2026-09-02,B103,A304,3,678.0,168.7,Hidden Internal Leak,Tank Float Valve / Overflow Loss,No,,Possible Internal Leak,Internal / Hidden
2026-09-03,B103,A304,3,850.0,181.7,Hidden Internal Leak,Tank Float Valve / Overflow Loss,No,,Possible Internal Leak,Internal / Hidden
2026-09-04,B103,A304,3,785.3,166.8,Hidden Internal Leak,Tank Float Valve / Overflow Loss,No,,Possible Internal Leak,Internal / Hidden
2026-09-05,B103,A304,3,856.5,179.2,Hidden Internal Leak,Tank Float Valve / Overflow Loss,No,,Possible Internal Leak,Internal / Hidden
2026-09-06,B103,A304,3,972.4,178.3,Hidden Internal Leak,Tank Float Valve / Overflow Loss,No,,Possible Internal Leak,Internal / Hidden
2026-09-07,B103,A304,3,783.9,171.8,Hidden Internal Leak,Tank Float Valve / Overflow Loss,No,,Possible Internal Leak,Internal / Hidden
2026-09-08,B103,A304,3,801.7,193.7,Hidden Internal Leak,Tank Float Valve / Overflow Loss,No,,Possible Internal Leak,Internal / Hidden
2026-09-09,B103,A304,3,783.3,169.6,Hidden Internal Leak,Tank Float Valve / Overflow Loss,No,,Possible Internal Leak,Internal / Hidden
2026-09-10,B103,A304,3,661.0,151.4,Hidden Internal Leak,Tank Float Valve / Overflow Loss,No,,Possible Internal Leak,Internal / Hidden
2026-09-11,B103,A304,3,842.4,155.7,Hidden Internal Leak,Tank Float Valve / Overflow Loss,No,,Possible Internal Leak,Internal / Hidden
2026-09-12,B103,A304,3,847.5,140.5,Hidden Internal Leak,Tank Float Valve / Overflow Loss,No,,Possible Internal Leak,Internal / Hidden
2026-09-13,B103,A304,3,792.9,185.1,Hidden Internal Leak,Tank Float Valve / Overflow Loss,No,,Possible Internal Leak,Internal / Hidden
2026-09-14,B103,A304,3,778.3,161.1,Hidden Internal Leak,Tank Float Valve / Overflow Loss,No,,Possible Internal Leak,Internal / Hidden
2026-09-15,B103,A304,3,772.0,190.1,Hidden Internal Leak,Tank Float Valve / Overflow Loss,No,,Possible Internal Leak,Internal / Hidden
2026-09-16,B103,A304,3,805.7,148.4,Hidden Internal Leak,Tank Float Valve / Overflow Loss,No,,Possible Internal Leak,Internal / Hidden
2026-09-17,B103,A304,3,833.1,194.5,Hidden Internal Leak,Tank Float Valve / Overflow Loss,No,,Possible Internal Leak,Internal / Hidden
2026-09-18,B103,A304,3,750.0,172.9,Hidden Internal Leak,Tank Float Valve / Overflow Loss,No,,Possible Internal Leak,Internal / Hidden
2026-09-19,B103,A304,3,838.6,180.9,Hidden Internal Leak,Tank Float Valve / Overflow Loss,No,,Possible Internal Leak,Internal / Hidden
2026-09-20,B103,A304,3,788.0,189.6,Hidden Internal Leak,Tank Float Valve / Overflow Loss,No,,Possible Internal Leak,Internal / Hidden
2026-09-21,B103,A304,3,812.6,182.0,Hidden Internal Leak,Tank Float Valve / Overflow Loss,No,,Possible Internal Leak,Internal / Hidden
2026-09-22,B103,A304,3,716.0,186.6,Hidden Internal Leak,Tank Float Valve / Overflow Loss,No,,Possible Internal Leak,Internal / Hidden
2026-09-23,B103,A304,3,703.0,153.6,Hidden Internal Leak,Tank Float Valve / Overflow Loss,No,,Possible Internal Leak,Internal / Hidden
2026-09-24,B103,A304,3,701.9,156.4,Hidden Internal Leak,Tank Float Valve / Overflow Loss,No,,Possible Internal Leak,Internal / Hidden
2026-09-25,B103,A304,3,893.6,181.8,Hidden Internal Leak,Tank Float Valve / Overflow Loss,No,,Possible Internal Leak,Internal / Hidden
2026-09-26,B103,A304,3,785.6,179.1,Hidden Internal Leak,Tank Float Valve / Overflow Loss,No,,Possible Internal Leak,Internal / Hidden
2026-06-29,B104,A401,4,665.1,1.1,Normal Household,Pump / Motor Issue,No,,Normal,None
2026-06-30,B104,A401,4,698.4,2.5,Normal Household,Pump / Motor Issue,No,,Normal,None
2026-07-01,B104,A401,4,711.9,0.4,Normal Household,Pump / Motor Issue,No,,Normal,None
2026-07-02,B104,A401,4,743.3,0.6,Normal Household,Pump / Motor Issue,No,,Normal,None
2026-07-03,B104,A401,4,793.7,1.8,Normal Household,Pump / Motor Issue,No,,Normal,None
2026-07-04,B104,A401,4,809.9,0.6,Normal Household,Pump / Motor Issue,No,,Normal,None
2026-07-05,B104,A401,4,865.5,1.0,Normal Household,Pump / Motor Issue,No,,Normal,None
2026-07-06,B104,A401,4,718.4,1.7,Normal Household,Pump / Motor Issue,No,,Normal,None
2026-07-07,B104,A401,4,843.5,0.1,Normal Household,Pump / Motor Issue,No,,Normal,None
2026-07-08,B104,A401,4,803.2,1.8,Normal Household,Pump / Motor Issue,No,,Normal,None
2026-07-09,B104,A401,4,772.4,0.7,Normal Household,Pump / Motor Issue,No,,Normal,None
2026-07-10,B104,A401,4,830.4,0.8,Normal Household,Pump / Motor Issue,No,,Normal,None
2026-07-11,B104,A401,4,821.7,0.7,Normal Household,Pump / Motor Issue,No,,Normal,None
2026-07-12,B104,A401,4,819.4,0.1,Normal Household,Pump / Motor Issue,No,,Normal,None
2026-07-13,B104,A401,4,711.2,1.4,Normal Household,Pump / Motor Issue,No,,Normal,None
2026-07-14,B104,A401,4,768.7,0.4,Normal Household,Pump / Motor Issue,No,,Normal,None
2026-07-15,B104,A401,4,824.5,0.5,Normal Household,Pump / Motor Issue,No,,Normal,None
2026-07-16,B104,A401,4,807.9,0.9,Normal Household,Pump / Motor Issue,No,,Normal,None
2026-07-17,B104,A401,4,740.9,1.5,Normal Household,Pump / Motor Issue,No,,Normal,None
2026-07-18,B104,A401,4,787.3,1.6,Normal Household,Pump / Motor Issue,No,,Normal,None
2026-07-19,B104,A401,4,926.5,1.1,Normal Household,Pump / Motor Issue,No,,Normal,None
2026-07-20,B104,A401,4,710.6,1.0,Normal Household,Pump / Motor Issue,No,,Normal,None
2026-07-21,B104,A401,4,722.0,1.3,Normal Household,Pump / Motor Issue,No,,Normal,None
2026-07-22,B104,A401,4,650.5,1.8,Normal Household,Pump / Motor Issue,No,,Normal,None
2026-07-23,B104,A401,4,678.6,0.9,Normal Household,Pump / Motor Issue,No,,Normal,None
2026-07-24,B104,A401,4,807.0,0.8,Normal Household,Pump / Motor Issue,No,,Normal,None
2026-07-25,B104,A401,4,814.8,0.8,Normal Household,Pump / Motor Issue,No,,Normal,None
2026-07-26,B104,A401,4,783.8,0.7,Normal Household,Pump / Motor Issue,No,,Normal,None
2026-07-27,B104,A401,4,634.5,2.2,Normal Household,Pump / Motor Issue,No,,Normal,None
2026-07-28,B104,A401,4,790.1,0.7,Normal Household,Pump / Motor Issue,No,,Normal,None
2026-07-29,B104,A401,4,802.4,1.6,Normal Household,Pump / Motor Issue,No,,Normal,None
2026-07-30,B104,A401,4,669.2,0.7,Normal Household,Pump / Motor Issue,No,,Normal,None
2026-07-31,B104,A401,4,785.7,1.4,Normal Household,Pump / Motor Issue,No,,Normal,None
2026-08-01,B104,A401,4,778.4,1.0,Normal Household,Pump / Motor Issue,No,,Normal,None
2026-08-02,B104,A401,4,775.1,0.7,Normal Household,Pump / Motor Issue,No,,Normal,None
2026-08-03,B104,A401,4,709.1,0.4,Normal Household,Pump / Motor Issue,No,,Normal,None
2026-08-04,B104,A401,4,696.5,0.9,Normal Household,Pump / Motor Issue,No,,Normal,None
2026-08-05,B104,A401,4,732.4,1.2,Normal Household,Pump / Motor Issue,No,,Normal,None
2026-08-06,B104,A401,4,725.6,0.5,Normal Household,Pump / Motor Issue,No,,Normal,None
2026-08-07,B104,A401,4,775.9,0.4,Normal Household,Pump / Motor Issue,No,,Normal,None
2026-08-08,B104,A401,4,820.8,0.8,Normal Household,Pump / Motor Issue,No,,Normal,None
2026-08-09,B104,A401,4,749.7,0.6,Normal Household,Pump / Motor Issue,No,,Normal,None
2026-08-10,B104,A401,4,740.7,1.3,Normal Household,Pump / Motor Issue,No,,Normal,None
2026-08-11,B104,A401,4,754.6,0.3,Normal Household,Pump / Motor Issue,No,,Normal,None
2026-08-12,B104,A401,4,769.3,1.3,Normal Household,Pump / Motor Issue,No,,Normal,None
2026-08-13,B104,A401,4,740.9,0.8,Normal Household,Pump / Motor Issue,No,,Normal,None
2026-08-14,B104,A401,4,794.4,0.9,Normal Household,Pump / Motor Issue,No,,Normal,None
2026-08-15,B104,A401,4,795.4,0.7,Normal Household,Pump / Motor Issue,No,,Normal,None
2026-08-16,B104,A401,4,895.1,1.0,Normal Household,Pump / Motor Issue,No,,Normal,None
2026-08-17,B104,A401,4,731.1,0.9,Normal Household,Pump / Motor Issue,No,,Normal,None
2026-08-18,B104,A401,4,726.4,0.6,Normal Household,Pump / Motor Issue,No,,Normal,None
2026-08-19,B104,A401,4,769.7,0.3,Normal Household,Pump / Motor Issue,No,,Normal,None
2026-08-20,B104,A401,4,693.1,0.7,Normal Household,Pump / Motor Issue,No,,Normal,None
2026-08-21,B104,A401,4,843.6,1.2,Normal Household,Pump / Motor Issue,No,,Normal,None
2026-08-22,B104,A401,4,826.2,1.0,Normal Household,Pump / Motor Issue,No,,Normal,None
2026-08-23,B104,A401,4,868.8,0.5,Normal Household,Pump / Motor Issue,No,,Normal,None
2026-08-24,B104,A401,4,809.0,0.9,Normal Household,Pump / Motor Issue,No,,Normal,None
2026-08-25,B104,A401,4,732.3,1.6,Normal Household,Pump / Motor Issue,No,,Normal,None
2026-08-26,B104,A401,4,707.6,0.4,Normal Household,Pump / Motor Issue,No,,Normal,None
2026-08-27,B104,A401,4,729.5,1.0,Normal Household,Pump / Motor Issue,No,,Normal,None
2026-08-28,B104,A401,4,875.4,1.2,Normal Household,Pump / Motor Issue,No,,Normal,None
2026-08-29,B104,A401,4,731.1,0.4,Normal Household,Pump / Motor Issue,No,,Normal,None
2026-08-30,B104,A401,4,780.1,1.1,Normal Household,Pump / Motor Issue,No,,Normal,None
2026-08-31,B104,A401,4,724.2,1.5,Normal Household,Pump / Motor Issue,No,,Normal,None
2026-09-01,B104,A401,4,662.4,0.3,Normal Household,Pump / Motor Issue,No,,Normal,None
2026-09-02,B104,A401,4,647.0,0.9,Normal Household,Pump / Motor Issue,No,,Normal,None
2026-09-03,B104,A401,4,699.4,0.8,Normal Household,Pump / Motor Issue,No,,Normal,None
2026-09-04,B104,A401,4,795.8,1.2,Normal Household,Pump / Motor Issue,No,,Normal,None
2026-09-05,B104,A401,4,810.6,0.3,Normal Household,Pump / Motor Issue,No,,Normal,None
2026-09-06,B104,A401,4,766.8,0.8,Normal Household,Pump / Motor Issue,No,,Normal,None
2026-09-07,B104,A401,4,651.0,0.6,Normal Household,Pump / Motor Issue,No,,Normal,None
2026-09-08,B104,A401,4,754.3,0.2,Normal Household,Pump / Motor Issue,No,,Normal,None
2026-09-09,B104,A401,4,658.9,0.8,Normal Household,Pump / Motor Issue,No,,Normal,None
2026-09-10,B104,A401,4,699.0,0.6,Normal Household,Pump / Motor Issue,No,,Normal,None
2026-09-11,B104,A401,4,795.8,1.2,Normal Household,Pump / Motor Issue,No,,Normal,None
2026-09-12,B104,A401,4,714.6,0.8,Normal Household,Pump / Motor Issue,No,,Normal,None
2026-09-13,B104,A401,4,838.4,0.9,Normal Household,Pump / Motor Issue,No,,Normal,None
2026-09-14,B104,A401,4,787.2,1.1,Normal Household,Pump / Motor Issue,No,,Normal,None
2026-09-15,B104,A401,4,644.9,0.0,Normal Household,Pump / Motor Issue,No,,Normal,None
2026-09-16,B104,A401,4,629.2,1.2,Normal Household,Pump / Motor Issue,No,,Normal,None
2026-09-17,B104,A401,4,729.7,0.0,Normal Household,Pump / Motor Issue,No,,Normal,None
2026-09-18,B104,A401,4,831.0,1.4,Normal Household,Pump / Motor Issue,No,,Normal,None
2026-09-19,B104,A401,4,797.1,0.0,Normal Household,Pump / Motor Issue,No,,Normal,None
2026-09-20,B104,A401,4,722.2,0.3,Normal Household,Pump / Motor Issue,No,,Normal,None
2026-09-21,B104,A401,4,667.3,0.9,Normal Household,Pump / Motor Issue,No,,Normal,None
2026-09-22,B104,A401,4,722.1,1.2,Normal Household,Pump / Motor Issue,No,,Normal,None
2026-09-23,B104,A401,4,706.5,1.6,Normal Household,Pump / Motor Issue,No,,Normal,None
2026-09-24,B104,A401,4,727.5,0.3,Normal Household,Pump / Motor Issue,No,,Normal,None
2026-09-25,B104,A401,4,806.5,1.4,Normal Household,Pump / Motor Issue,No,,Normal,None
2026-09-26,B104,A401,4,925.2,0.9,Normal Household,Pump / Motor Issue,No,,Normal,None
2026-06-29,B104,A402,5,852.7,0.7,Household Profile Change,Pump / Motor Issue,No,,Normal,None
2026-06-30,B104,A402,5,764.0,1.0,Household Profile Change,Pump / Motor Issue,No,,Normal,None
2026-07-01,B104,A402,5,821.5,0.9,Household Profile Change,Pump / Motor Issue,No,,Normal,None
2026-07-02,B104,A402,5,789.5,0.9,Household Profile Change,Pump / Motor Issue,No,,Normal,None
2026-07-03,B104,A402,5,929.1,0.7,Household Profile Change,Pump / Motor Issue,No,,Normal,None
2026-07-04,B104,A402,5,918.7,0.8,Household Profile Change,Pump / Motor Issue,No,,Normal,None
2026-07-05,B104,A402,5,928.0,0.5,Household Profile Change,Pump / Motor Issue,No,,Normal,None
2026-07-06,B104,A402,5,815.2,0.9,Household Profile Change,Pump / Motor Issue,No,,Normal,None
2026-07-07,B104,A402,5,849.5,1.0,Household Profile Change,Pump / Motor Issue,No,,Normal,None
2026-07-08,B104,A402,5,818.0,1.6,Household Profile Change,Pump / Motor Issue,No,,Normal,None
2026-07-09,B104,A402,5,773.6,1.2,Household Profile Change,Pump / Motor Issue,No,,Normal,None
2026-07-10,B104,A402,5,906.5,0.0,Household Profile Change,Pump / Motor Issue,No,,Normal,None
2026-07-11,B104,A402,5,969.3,1.2,Household Profile Change,Pump / Motor Issue,No,,Normal,None
2026-07-12,B104,A402,5,896.0,0.8,Household Profile Change,Pump / Motor Issue,No,,Normal,None
2026-07-13,B104,A402,5,809.9,0.5,Household Profile Change,Pump / Motor Issue,No,,Normal,None
2026-07-14,B104,A402,5,816.3,0.3,Household Profile Change,Pump / Motor Issue,No,,Normal,None
2026-07-15,B104,A402,5,809.8,0.9,Household Profile Change,Pump / Motor Issue,No,,Normal,None
2026-07-16,B104,A402,5,832.6,0.6,Household Profile Change,Pump / Motor Issue,No,,Normal,None
2026-07-17,B104,A402,5,986.4,1.1,Household Profile Change,Pump / Motor Issue,No,,Normal,None
2026-07-18,B104,A402,5,889.6,0.5,Household Profile Change,Pump / Motor Issue,No,,Normal,None
2026-07-19,B104,A402,5,906.3,1.4,Household Profile Change,Pump / Motor Issue,No,,Normal,None
2026-07-20,B104,A402,5,733.8,1.3,Household Profile Change,Pump / Motor Issue,No,,Normal,None
2026-07-21,B104,A402,5,802.8,1.9,Household Profile Change,Pump / Motor Issue,No,,Normal,None
2026-07-22,B104,A402,5,811.8,1.6,Household Profile Change,Pump / Motor Issue,No,,Normal,None
2026-07-23,B104,A402,5,773.3,1.1,Household Profile Change,Pump / Motor Issue,No,,Normal,None
2026-07-24,B104,A402,5,832.1,0.4,Household Profile Change,Pump / Motor Issue,No,,Normal,None
2026-07-25,B104,A402,5,818.2,0.8,Household Profile Change,Pump / Motor Issue,No,,Normal,None
2026-07-26,B104,A402,5,792.6,0.0,Household Profile Change,Pump / Motor Issue,No,,Normal,None
2026-07-27,B104,A402,5,772.0,0.8,Household Profile Change,Pump / Motor Issue,No,,Normal,None
2026-07-28,B104,A402,5,701.5,0.9,Household Profile Change,Pump / Motor Issue,No,,Normal,None
2026-07-29,B104,A402,5,776.9,0.9,Household Profile Change,Pump / Motor Issue,No,,Normal,None
2026-07-30,B104,A402,5,783.2,1.3,Household Profile Change,Pump / Motor Issue,No,,Normal,None
2026-07-31,B104,A402,5,837.2,1.0,Household Profile Change,Pump / Motor Issue,No,,Normal,None
2026-08-01,B104,A402,5,890.5,1.2,Household Profile Change,Pump / Motor Issue,No,,Normal,None
2026-08-02,B104,A402,5,817.7,1.0,Household Profile Change,Pump / Motor Issue,No,,Normal,None
2026-08-03,B104,A402,5,777.5,0.0,Household Profile Change,Pump / Motor Issue,No,,Normal,None
2026-08-04,B104,A402,5,763.8,1.0,Household Profile Change,Pump / Motor Issue,No,,Normal,None
2026-08-05,B104,A402,5,832.4,0.8,Household Profile Change,Pump / Motor Issue,No,,Normal,None
2026-08-06,B104,A402,5,747.9,1.0,Household Profile Change,Pump / Motor Issue,No,,Normal,None
2026-08-07,B104,A402,5,882.2,1.0,Household Profile Change,Pump / Motor Issue,No,,Normal,None
2026-08-08,B104,A402,5,773.7,1.4,Household Profile Change,Pump / Motor Issue,No,,Normal,None
2026-08-09,B104,A402,5,817.4,1.2,Household Profile Change,Pump / Motor Issue,No,,Normal,None
2026-08-10,B104,A402,5,818.0,0.7,Household Profile Change,Pump / Motor Issue,No,,Normal,None
2026-08-11,B104,A402,5,706.6,0.3,Household Profile Change,Pump / Motor Issue,No,,Normal,None
2026-08-12,B104,A402,5,740.7,0.8,Household Profile Change,Pump / Motor Issue,No,,Normal,None
2026-08-13,B104,A402,5,820.4,1.8,Household Profile Change,Pump / Motor Issue,No,,Normal,None
2026-08-14,B104,A402,5,841.7,0.9,Household Profile Change,Pump / Motor Issue,No,,Normal,None
2026-08-15,B104,A402,5,972.3,1.2,Household Profile Change,Pump / Motor Issue,No,,Normal,None
2026-08-16,B104,A402,5,904.0,0.7,Household Profile Change,Pump / Motor Issue,No,,Normal,None
2026-08-17,B104,A402,5,815.2,0.6,Household Profile Change,Pump / Motor Issue,No,,Normal,None
2026-08-18,B104,A402,7,1154.3,0.5,Household Profile Change,Pump / Motor Issue,No,,Profile Change — Fingerprint Adapting,None
2026-08-19,B104,A402,7,1193.9,0.3,Household Profile Change,Pump / Motor Issue,No,,Profile Change — Fingerprint Adapting,None
2026-08-20,B104,A402,7,1152.8,1.1,Household Profile Change,Pump / Motor Issue,No,,Profile Change — Fingerprint Adapting,None
2026-08-21,B104,A402,7,1259.1,0.4,Household Profile Change,Pump / Motor Issue,No,,Profile Change — Fingerprint Adapting,None
2026-08-22,B104,A402,7,1251.0,0.0,Household Profile Change,Pump / Motor Issue,No,,Profile Change — Fingerprint Adapting,None
2026-08-23,B104,A402,7,1129.0,0.9,Household Profile Change,Pump / Motor Issue,No,,Profile Change — Fingerprint Adapting,None
2026-08-24,B104,A402,7,1122.7,1.2,Household Profile Change,Pump / Motor Issue,No,,Profile Change — Fingerprint Adapting,None
2026-08-25,B104,A402,7,1091.0,1.3,Household Profile Change,Pump / Motor Issue,No,,Profile Change — Fingerprint Adapting,None
2026-08-26,B104,A402,7,1206.9,0.6,Household Profile Change,Pump / Motor Issue,No,,Profile Change — Fingerprint Adapting,None
2026-08-27,B104,A402,7,1162.5,1.4,Household Profile Change,Pump / Motor Issue,No,,Profile Change — Fingerprint Adapting,None
2026-08-28,B104,A402,7,1304.1,0.6,Household Profile Change,Pump / Motor Issue,No,,Profile Change — Fingerprint Adapting,None
2026-08-29,B104,A402,7,1205.4,0.1,Household Profile Change,Pump / Motor Issue,No,,Profile Change — Fingerprint Adapting,None
2026-08-30,B104,A402,7,1250.9,1.6,Household Profile Change,Pump / Motor Issue,No,,Profile Change — Fingerprint Adapting,None
2026-08-31,B104,A402,7,1219.0,1.3,Household Profile Change,Pump / Motor Issue,No,,Profile Change — Fingerprint Adapting,None
2026-09-01,B104,A402,7,1277.3,0.4,Household Profile Change,Pump / Motor Issue,No,,Profile Change — Fingerprint Adapting,None
2026-09-02,B104,A402,7,1092.5,1.3,Household Profile Change,Pump / Motor Issue,No,,Profile Change — Fingerprint Adapting,None
2026-09-03,B104,A402,7,1032.7,0.6,Household Profile Change,Pump / Motor Issue,No,,Profile Change — Fingerprint Adapting,None
2026-09-04,B104,A402,7,1257.9,0.3,Household Profile Change,Pump / Motor Issue,No,,Profile Change — Fingerprint Adapting,None
2026-09-05,B104,A402,7,1088.4,1.4,Household Profile Change,Pump / Motor Issue,No,,Profile Change — Fingerprint Adapting,None
2026-09-06,B104,A402,7,1174.9,1.0,Household Profile Change,Pump / Motor Issue,No,,Profile Change — Fingerprint Adapting,None
2026-09-07,B104,A402,7,1092.3,0.6,Household Profile Change,Pump / Motor Issue,No,,Profile Change — Fingerprint Adapting,None
2026-09-08,B104,A402,7,1226.7,1.6,Household Profile Change,Pump / Motor Issue,No,,Profile Change — Fingerprint Adapting,None
2026-09-09,B104,A402,7,1084.0,0.4,Household Profile Change,Pump / Motor Issue,No,,Profile Change — Fingerprint Adapting,None
2026-09-10,B104,A402,7,1173.1,0.8,Household Profile Change,Pump / Motor Issue,No,,Profile Change — Fingerprint Adapting,None
2026-09-11,B104,A402,7,1233.6,0.2,Household Profile Change,Pump / Motor Issue,No,,Profile Change — Fingerprint Adapting,None
2026-09-12,B104,A402,7,1145.8,1.2,Household Profile Change,Pump / Motor Issue,No,,Profile Change — Fingerprint Adapting,None
2026-09-13,B104,A402,7,1097.0,0.9,Household Profile Change,Pump / Motor Issue,No,,Profile Change — Fingerprint Adapting,None
2026-09-14,B104,A402,7,1112.0,1.8,Household Profile Change,Pump / Motor Issue,No,,Profile Change — Fingerprint Adapting,None
2026-09-15,B104,A402,7,1067.8,1.7,Household Profile Change,Pump / Motor Issue,No,,Profile Change — Fingerprint Adapting,None
2026-09-16,B104,A402,7,1058.8,1.5,Household Profile Change,Pump / Motor Issue,No,,Profile Change — Fingerprint Adapting,None
2026-09-17,B104,A402,7,1173.5,1.1,Household Profile Change,Pump / Motor Issue,No,,Profile Change — Fingerprint Adapting,None
2026-09-18,B104,A402,7,1245.7,1.4,Household Profile Change,Pump / Motor Issue,No,,Profile Change — Fingerprint Adapting,None
2026-09-19,B104,A402,7,1249.1,0.6,Household Profile Change,Pump / Motor Issue,No,,Profile Change — Fingerprint Adapting,None
2026-09-20,B104,A402,7,1200.0,0.3,Household Profile Change,Pump / Motor Issue,No,,Profile Change — Fingerprint Adapting,None
2026-09-21,B104,A402,7,1183.8,0.4,Household Profile Change,Pump / Motor Issue,No,,Profile Change — Fingerprint Adapting,None
2026-09-22,B104,A402,7,1182.2,1.0,Household Profile Change,Pump / Motor Issue,No,,Profile Change — Fingerprint Adapting,None
2026-09-23,B104,A402,7,1103.9,1.0,Household Profile Change,Pump / Motor Issue,No,,Profile Change — Fingerprint Adapting,None
2026-09-24,B104,A402,7,1136.9,0.8,Household Profile Change,Pump / Motor Issue,No,,Profile Change — Fingerprint Adapting,None
2026-09-25,B104,A402,7,1211.8,0.4,Household Profile Change,Pump / Motor Issue,No,,Profile Change — Fingerprint Adapting,None
2026-09-26,B104,A402,7,1245.9,0.2,Household Profile Change,Pump / Motor Issue,No,,Profile Change — Fingerprint Adapting,None
2026-06-29,B104,A403,2,555.3,0.4,Normal Household,Pump / Motor Issue,No,,Normal,None
2026-06-30,B104,A403,2,438.5,0.8,Normal Household,Pump / Motor Issue,No,,Normal,None
2026-07-01,B104,A403,2,484.9,1.1,Normal Household,Pump / Motor Issue,No,,Normal,None
2026-07-02,B104,A403,2,461.5,0.8,Normal Household,Pump / Motor Issue,No,,Normal,None
2026-07-03,B104,A403,2,432.9,1.2,Normal Household,Pump / Motor Issue,No,,Normal,None
2026-07-04,B104,A403,2,550.5,0.0,Normal Household,Pump / Motor Issue,No,,Normal,None
2026-07-05,B104,A403,2,517.1,0.6,Normal Household,Pump / Motor Issue,No,,Normal,None
2026-07-06,B104,A403,2,486.9,0.9,Normal Household,Pump / Motor Issue,No,,Normal,None
2026-07-07,B104,A403,2,465.6,1.7,Normal Household,Pump / Motor Issue,No,,Normal,None
2026-07-08,B104,A403,2,512.3,0.3,Normal Household,Pump / Motor Issue,No,,Normal,None
2026-07-09,B104,A403,2,506.6,1.6,Normal Household,Pump / Motor Issue,No,,Normal,None
2026-07-10,B104,A403,2,487.0,0.4,Normal Household,Pump / Motor Issue,No,,Normal,None
2026-07-11,B104,A403,2,565.5,1.0,Normal Household,Pump / Motor Issue,No,,Normal,None
2026-07-12,B104,A403,2,482.6,0.8,Normal Household,Pump / Motor Issue,No,,Normal,None
2026-07-13,B104,A403,2,509.7,0.9,Normal Household,Pump / Motor Issue,No,,Normal,None
2026-07-14,B104,A403,2,522.7,1.4,Normal Household,Pump / Motor Issue,No,,Normal,None
2026-07-15,B104,A403,2,566.1,0.5,Normal Household,Pump / Motor Issue,No,,Normal,None
2026-07-16,B104,A403,2,435.4,0.3,Normal Household,Pump / Motor Issue,No,,Normal,None
2026-07-17,B104,A403,2,517.3,0.5,Normal Household,Pump / Motor Issue,No,,Normal,None
2026-07-18,B104,A403,2,601.6,1.1,Normal Household,Pump / Motor Issue,No,,Normal,None
2026-07-19,B104,A403,2,414.7,0.7,Normal Household,Pump / Motor Issue,No,,Normal,None
2026-07-20,B104,A403,2,518.0,1.0,Normal Household,Pump / Motor Issue,No,,Normal,None
2026-07-21,B104,A403,2,472.5,0.3,Normal Household,Pump / Motor Issue,No,,Normal,None
2026-07-22,B104,A403,2,462.2,0.3,Normal Household,Pump / Motor Issue,No,,Normal,None
2026-07-23,B104,A403,2,505.8,0.5,Normal Household,Pump / Motor Issue,No,,Normal,None
2026-07-24,B104,A403,2,552.8,1.4,Normal Household,Pump / Motor Issue,No,,Normal,None
2026-07-25,B104,A403,2,511.1,1.2,Normal Household,Pump / Motor Issue,No,,Normal,None
2026-07-26,B104,A403,2,430.5,1.2,Normal Household,Pump / Motor Issue,No,,Normal,None
2026-07-27,B104,A403,2,432.9,0.9,Normal Household,Pump / Motor Issue,No,,Normal,None
2026-07-28,B104,A403,2,484.9,1.2,Normal Household,Pump / Motor Issue,No,,Normal,None
2026-07-29,B104,A403,2,431.3,0.8,Normal Household,Pump / Motor Issue,No,,Normal,None
2026-07-30,B104,A403,2,454.5,0.4,Normal Household,Pump / Motor Issue,No,,Normal,None
2026-07-31,B104,A403,2,480.7,1.3,Normal Household,Pump / Motor Issue,No,,Normal,None
2026-08-01,B104,A403,2,478.9,1.1,Normal Household,Pump / Motor Issue,No,,Normal,None
2026-08-02,B104,A403,2,551.4,1.2,Normal Household,Pump / Motor Issue,No,,Normal,None
2026-08-03,B104,A403,2,418.7,1.6,Normal Household,Pump / Motor Issue,No,,Normal,None
2026-08-04,B104,A403,2,552.4,1.6,Normal Household,Pump / Motor Issue,No,,Normal,None
2026-08-05,B104,A403,2,463.9,1.1,Normal Household,Pump / Motor Issue,No,,Normal,None
2026-08-06,B104,A403,2,440.3,1.5,Normal Household,Pump / Motor Issue,No,,Normal,None
2026-08-07,B104,A403,2,491.7,1.7,Normal Household,Pump / Motor Issue,No,,Normal,None
2026-08-08,B104,A403,2,548.0,0.6,Normal Household,Pump / Motor Issue,No,,Normal,None
2026-08-09,B104,A403,2,622.2,0.6,Normal Household,Pump / Motor Issue,No,,Normal,None
2026-08-10,B104,A403,2,471.6,0.9,Normal Household,Pump / Motor Issue,No,,Normal,None
2026-08-11,B104,A403,2,528.7,0.6,Normal Household,Pump / Motor Issue,No,,Normal,None
2026-08-12,B104,A403,2,462.3,0.2,Normal Household,Pump / Motor Issue,No,,Normal,None
2026-08-13,B104,A403,2,559.8,0.4,Normal Household,Pump / Motor Issue,No,,Normal,None
2026-08-14,B104,A403,2,650.5,0.5,Normal Household,Pump / Motor Issue,No,,Normal,None
2026-08-15,B104,A403,2,478.5,2.1,Normal Household,Pump / Motor Issue,No,,Normal,None
2026-08-16,B104,A403,2,516.7,1.0,Normal Household,Pump / Motor Issue,No,,Normal,None
2026-08-17,B104,A403,2,465.4,0.6,Normal Household,Pump / Motor Issue,No,,Normal,None
2026-08-18,B104,A403,2,492.0,0.3,Normal Household,Pump / Motor Issue,No,,Normal,None
2026-08-19,B104,A403,2,504.1,0.8,Normal Household,Pump / Motor Issue,No,,Normal,None
2026-08-20,B104,A403,2,487.1,0.7,Normal Household,Pump / Motor Issue,No,,Normal,None
2026-08-21,B104,A403,2,568.0,0.9,Normal Household,Pump / Motor Issue,No,,Normal,None
2026-08-22,B104,A403,2,583.9,0.3,Normal Household,Pump / Motor Issue,No,,Normal,None
2026-08-23,B104,A403,2,577.9,1.6,Normal Household,Pump / Motor Issue,No,,Normal,None
2026-08-24,B104,A403,2,511.2,1.1,Normal Household,Pump / Motor Issue,No,,Normal,None
2026-08-25,B104,A403,2,479.5,0.8,Normal Household,Pump / Motor Issue,No,,Normal,None
2026-08-26,B104,A403,2,488.7,0.5,Normal Household,Pump / Motor Issue,No,,Normal,None
2026-08-27,B104,A403,2,477.1,0.6,Normal Household,Pump / Motor Issue,No,,Normal,None
2026-08-28,B104,A403,2,490.0,0.9,Normal Household,Pump / Motor Issue,No,,Normal,None
2026-08-29,B104,A403,2,517.2,1.1,Normal Household,Pump / Motor Issue,No,,Normal,None
2026-08-30,B104,A403,2,612.4,1.2,Normal Household,Pump / Motor Issue,No,,Normal,None
2026-08-31,B104,A403,2,525.6,0.8,Normal Household,Pump / Motor Issue,No,,Normal,None
2026-09-01,B104,A403,2,490.1,0.2,Normal Household,Pump / Motor Issue,No,,Normal,None
2026-09-02,B104,A403,2,506.9,1.0,Normal Household,Pump / Motor Issue,No,,Normal,None
2026-09-03,B104,A403,2,473.7,0.8,Normal Household,Pump / Motor Issue,No,,Normal,None
2026-09-04,B104,A403,2,527.9,0.8,Normal Household,Pump / Motor Issue,No,,Normal,None
2026-09-05,B104,A403,2,534.0,0.7,Normal Household,Pump / Motor Issue,No,,Normal,None
2026-09-06,B104,A403,2,459.4,1.1,Normal Household,Pump / Motor Issue,No,,Normal,None
2026-09-07,B104,A403,2,549.5,1.0,Normal Household,Pump / Motor Issue,No,,Normal,None
2026-09-08,B104,A403,2,506.8,0.5,Normal Household,Pump / Motor Issue,No,,Normal,None
2026-09-09,B104,A403,2,431.2,0.4,Normal Household,Pump / Motor Issue,No,,Normal,None
2026-09-10,B104,A403,2,458.9,0.5,Normal Household,Pump / Motor Issue,No,,Normal,None
2026-09-11,B104,A403,2,476.4,0.5,Normal Household,Pump / Motor Issue,No,,Normal,None
2026-09-12,B104,A403,2,467.6,1.2,Normal Household,Pump / Motor Issue,No,,Normal,None
2026-09-13,B104,A403,2,420.4,1.2,Normal Household,Pump / Motor Issue,No,,Normal,None
2026-09-14,B104,A403,2,470.2,1.2,Normal Household,Pump / Motor Issue,No,,Normal,None
2026-09-15,B104,A403,2,398.4,1.4,Normal Household,Pump / Motor Issue,No,,Normal,None
2026-09-16,B104,A403,2,506.0,1.0,Normal Household,Pump / Motor Issue,No,,Normal,None
2026-09-17,B104,A403,2,508.4,0.2,Normal Household,Pump / Motor Issue,No,,Normal,None
2026-09-18,B104,A403,2,484.2,0.9,Normal Household,Pump / Motor Issue,No,,Normal,None
2026-09-19,B104,A403,2,562.1,0.0,Normal Household,Pump / Motor Issue,No,,Normal,None
2026-09-20,B104,A403,2,543.5,0.4,Normal Household,Pump / Motor Issue,No,,Normal,None
2026-09-21,B104,A403,2,519.4,0.5,Normal Household,Pump / Motor Issue,No,,Normal,None
2026-09-22,B104,A403,2,472.9,0.8,Normal Household,Pump / Motor Issue,No,,Normal,None
2026-09-23,B104,A403,2,433.2,1.0,Normal Household,Pump / Motor Issue,No,,Normal,None
2026-09-24,B104,A403,2,438.4,1.0,Normal Household,Pump / Motor Issue,No,,Normal,None
2026-09-25,B104,A403,2,551.9,1.2,Normal Household,Pump / Motor Issue,No,,Normal,None
2026-09-26,B104,A403,2,443.3,0.8,Normal Household,Pump / Motor Issue,No,,Normal,None
2026-06-29,B104,A404,6,932.5,0.9,Leak Follow-up,Pump / Motor Issue,No,,Normal,None
2026-06-30,B104,A404,6,903.9,1.5,Leak Follow-up,Pump / Motor Issue,No,,Normal,None
2026-07-01,B104,A404,6,943.7,1.2,Leak Follow-up,Pump / Motor Issue,No,,Normal,None
2026-07-02,B104,A404,6,1022.7,1.7,Leak Follow-up,Pump / Motor Issue,No,,Normal,None
2026-07-03,B104,A404,6,982.6,1.0,Leak Follow-up,Pump / Motor Issue,No,,Normal,None
2026-07-04,B104,A404,6,1094.6,0.3,Leak Follow-up,Pump / Motor Issue,No,,Normal,None
2026-07-05,B104,A404,6,1019.5,0.4,Leak Follow-up,Pump / Motor Issue,No,,Normal,None
2026-07-06,B104,A404,6,955.6,0.5,Leak Follow-up,Pump / Motor Issue,No,,Normal,None
2026-07-07,B104,A404,6,990.3,1.0,Leak Follow-up,Pump / Motor Issue,No,,Normal,None
2026-07-08,B104,A404,6,960.8,0.8,Leak Follow-up,Pump / Motor Issue,No,,Normal,None
2026-07-09,B104,A404,6,1019.5,0.6,Leak Follow-up,Pump / Motor Issue,No,,Normal,None
2026-07-10,B104,A404,6,1106.4,1.5,Leak Follow-up,Pump / Motor Issue,No,,Normal,None
2026-07-11,B104,A404,6,1073.1,1.3,Leak Follow-up,Pump / Motor Issue,No,,Normal,None
2026-07-12,B104,A404,6,1059.3,0.7,Leak Follow-up,Pump / Motor Issue,No,,Normal,None
2026-07-13,B104,A404,6,854.8,0.8,Leak Follow-up,Pump / Motor Issue,No,,Normal,None
2026-07-14,B104,A404,6,960.8,0.9,Leak Follow-up,Pump / Motor Issue,No,,Normal,None
2026-07-15,B104,A404,6,889.4,0.9,Leak Follow-up,Pump / Motor Issue,No,,Normal,None
2026-07-16,B104,A404,6,907.1,0.0,Leak Follow-up,Pump / Motor Issue,No,,Normal,None
2026-07-17,B104,A404,6,1043.5,0.5,Leak Follow-up,Pump / Motor Issue,No,,Normal,None
2026-07-18,B104,A404,6,1063.6,1.0,Leak Follow-up,Pump / Motor Issue,No,,Normal,None
2026-07-19,B104,A404,6,1020.4,0.5,Leak Follow-up,Pump / Motor Issue,No,,Normal,None
2026-07-20,B104,A404,6,920.4,0.8,Leak Follow-up,Pump / Motor Issue,No,,Normal,None
2026-07-21,B104,A404,6,949.3,0.7,Leak Follow-up,Pump / Motor Issue,No,,Normal,None
2026-07-22,B104,A404,6,902.3,0.6,Leak Follow-up,Pump / Motor Issue,No,,Normal,None
2026-07-23,B104,A404,6,954.8,0.3,Leak Follow-up,Pump / Motor Issue,No,,Normal,None
2026-07-24,B104,A404,6,1047.6,1.1,Leak Follow-up,Pump / Motor Issue,No,,Normal,None
2026-07-25,B104,A404,6,957.5,1.1,Leak Follow-up,Pump / Motor Issue,No,,Normal,None
2026-07-26,B104,A404,6,984.2,0.9,Leak Follow-up,Pump / Motor Issue,No,,Normal,None
2026-07-27,B104,A404,6,880.5,1.7,Leak Follow-up,Pump / Motor Issue,No,,Normal,None
2026-07-28,B104,A404,6,852.6,1.1,Leak Follow-up,Pump / Motor Issue,No,,Normal,None
2026-07-29,B104,A404,6,898.7,0.8,Leak Follow-up,Pump / Motor Issue,No,,Normal,None
2026-07-30,B104,A404,6,880.5,0.7,Leak Follow-up,Pump / Motor Issue,No,,Normal,None
2026-07-31,B104,A404,6,956.9,0.7,Leak Follow-up,Pump / Motor Issue,No,,Normal,None
2026-08-01,B104,A404,6,1072.3,0.3,Leak Follow-up,Pump / Motor Issue,No,,Normal,None
2026-08-02,B104,A404,6,964.1,0.3,Leak Follow-up,Pump / Motor Issue,No,,Normal,None
2026-08-03,B104,A404,6,928.4,0.7,Leak Follow-up,Pump / Motor Issue,No,,Normal,None
2026-08-04,B104,A404,6,852.5,1.1,Leak Follow-up,Pump / Motor Issue,No,,Normal,None
2026-08-05,B104,A404,6,766.2,0.9,Leak Follow-up,Pump / Motor Issue,No,,Normal,None
2026-08-06,B104,A404,6,896.4,1.1,Leak Follow-up,Pump / Motor Issue,No,,Normal,None
2026-08-07,B104,A404,6,949.9,0.5,Leak Follow-up,Pump / Motor Issue,No,,Normal,None
2026-08-08,B104,A404,6,1029.4,0.3,Leak Follow-up,Pump / Motor Issue,No,,Normal,None
2026-08-09,B104,A404,6,949.7,0.1,Leak Follow-up,Pump / Motor Issue,No,,Normal,None
2026-08-10,B104,A404,6,1066.0,0.9,Leak Follow-up,Pump / Motor Issue,No,,Normal,None
2026-08-11,B104,A404,6,932.5,0.8,Leak Follow-up,Pump / Motor Issue,No,,Normal,None
2026-08-12,B104,A404,6,958.2,1.0,Leak Follow-up,Pump / Motor Issue,No,,Normal,None
2026-08-13,B104,A404,6,961.0,0.4,Leak Follow-up,Pump / Motor Issue,No,,Normal,None
2026-08-14,B104,A404,6,994.6,0.9,Leak Follow-up,Pump / Motor Issue,No,,Normal,None
2026-08-15,B104,A404,6,1049.5,1.2,Leak Follow-up,Pump / Motor Issue,No,,Normal,None
2026-08-16,B104,A404,6,1038.7,0.0,Leak Follow-up,Pump / Motor Issue,No,,Normal,None
2026-08-17,B104,A404,6,1021.4,1.1,Leak Follow-up,Pump / Motor Issue,No,,Normal,None
2026-08-18,B104,A404,6,915.3,1.0,Leak Follow-up,Pump / Motor Issue,No,,Normal,None
2026-08-19,B104,A404,6,962.1,1.0,Leak Follow-up,Pump / Motor Issue,No,,Normal,None
2026-08-20,B104,A404,6,958.1,1.2,Leak Follow-up,Pump / Motor Issue,No,,Normal,None
2026-08-21,B104,A404,6,1097.3,0.6,Leak Follow-up,Pump / Motor Issue,No,,Normal,None
2026-08-22,B104,A404,6,1055.0,1.6,Leak Follow-up,Pump / Motor Issue,No,,Normal,None
2026-08-23,B104,A404,6,1027.4,0.7,Leak Follow-up,Pump / Motor Issue,No,,Normal,None
2026-08-24,B104,A404,6,941.9,0.6,Leak Follow-up,Pump / Motor Issue,No,,Normal,None
2026-08-25,B104,A404,6,909.7,0.4,Leak Follow-up,Pump / Motor Issue,No,,Normal,None
2026-08-26,B104,A404,6,949.1,0.9,Leak Follow-up,Pump / Motor Issue,No,,Normal,None
2026-08-27,B104,A404,6,963.9,1.1,Leak Follow-up,Pump / Motor Issue,No,,Normal,None
2026-08-28,B104,A404,6,1050.9,0.7,Leak Follow-up,Pump / Motor Issue,No,,Normal,None
2026-08-29,B104,A404,6,1002.2,0.3,Leak Follow-up,Pump / Motor Issue,No,,Normal,None
2026-08-30,B104,A404,6,1080.4,0.2,Leak Follow-up,Pump / Motor Issue,No,,Normal,None
2026-08-31,B104,A404,6,924.0,0.5,Leak Follow-up,Pump / Motor Issue,No,,Normal,None
2026-09-01,B104,A404,6,850.7,0.6,Leak Follow-up,Pump / Motor Issue,No,,Normal,None
2026-09-02,B104,A404,6,913.5,0.9,Leak Follow-up,Pump / Motor Issue,No,,Normal,None
2026-09-03,B104,A404,6,961.7,1.7,Leak Follow-up,Pump / Motor Issue,No,,Normal,None
2026-09-04,B104,A404,6,1018.2,0.9,Leak Follow-up,Pump / Motor Issue,No,,Normal,None
2026-09-05,B104,A404,6,935.6,0.7,Leak Follow-up,Pump / Motor Issue,No,,Normal,None
2026-09-06,B104,A404,6,989.9,1.1,Leak Follow-up,Pump / Motor Issue,No,,Normal,None
2026-09-07,B104,A404,6,1176.7,142.5,Leak Follow-up,Pump / Motor Issue,No,,Leak Follow-up Required,Internal / Hidden
2026-09-08,B104,A404,6,1119.1,150.4,Leak Follow-up,Pump / Motor Issue,No,,Leak Follow-up Required,Internal / Hidden
2026-09-09,B104,A404,6,1087.2,173.9,Leak Follow-up,Pump / Motor Issue,No,,Leak Follow-up Required,Internal / Hidden
2026-09-10,B104,A404,6,1145.9,130.2,Leak Follow-up,Pump / Motor Issue,No,,Leak Follow-up Required,Internal / Hidden
2026-09-11,B104,A404,6,1121.9,125.0,Leak Follow-up,Pump / Motor Issue,No,,Leak Follow-up Required,Internal / Hidden
2026-09-12,B104,A404,6,1109.3,158.2,Leak Follow-up,Pump / Motor Issue,No,,Leak Follow-up Required,Internal / Hidden
2026-09-13,B104,A404,6,1166.4,142.3,Leak Follow-up,Pump / Motor Issue,No,,Leak Follow-up Required,Internal / Hidden
2026-09-14,B104,A404,6,1114.2,153.1,Leak Follow-up,Pump / Motor Issue,No,,Leak Follow-up Required,Internal / Hidden
2026-09-15,B104,A404,6,1160.3,153.0,Leak Follow-up,Pump / Motor Issue,No,,Leak Follow-up Required,Internal / Hidden
2026-09-16,B104,A404,6,1040.7,140.5,Leak Follow-up,Pump / Motor Issue,No,,Leak Follow-up Required,Internal / Hidden
2026-09-17,B104,A404,6,1044.8,124.5,Leak Follow-up,Pump / Motor Issue,No,,Leak Follow-up Required,Internal / Hidden
2026-09-18,B104,A404,6,1133.5,139.6,Leak Follow-up,Pump / Motor Issue,No,,Leak Follow-up Required,Internal / Hidden
2026-09-19,B104,A404,6,1154.4,170.3,Leak Follow-up,Pump / Motor Issue,No,,Leak Follow-up Required,Internal / Hidden
2026-09-20,B104,A404,6,1146.6,149.5,Leak Follow-up,Pump / Motor Issue,No,,Leak Follow-up Required,Internal / Hidden
2026-09-21,B104,A404,6,1063.0,164.3,Leak Follow-up,Pump / Motor Issue,No,,Leak Follow-up Required,Internal / Hidden
2026-09-22,B104,A404,6,1126.0,144.0,Leak Follow-up,Pump / Motor Issue,No,,Leak Follow-up Required,Internal / Hidden
2026-09-23,B104,A404,6,1046.6,135.4,Leak Follow-up,Pump / Motor Issue,No,,Leak Follow-up Required,Internal / Hidden
2026-09-24,B104,A404,6,1141.0,157.0,Leak Follow-up,Pump / Motor Issue,No,,Leak Follow-up Required,Internal / Hidden
2026-09-25,B104,A404,6,1263.9,156.0,Leak Follow-up,Pump / Motor Issue,No,,Leak Follow-up Required,Internal / Hidden
2026-09-26,B104,A404,6,1104.3,131.5,Leak Follow-up,Pump / Motor Issue,No,,Leak Follow-up Required,Internal / Hidden
2026-06-29,B105,A501,3,575.9,1.1,Normal Household,Building-Wide Water Loss,No,,Normal,None
2026-06-30,B105,A501,3,562.3,1.2,Normal Household,Building-Wide Water Loss,No,,Normal,None
2026-07-01,B105,A501,3,659.6,1.0,Normal Household,Building-Wide Water Loss,No,,Normal,None
2026-07-02,B105,A501,3,665.3,0.6,Normal Household,Building-Wide Water Loss,No,,Normal,None
2026-07-03,B105,A501,3,643.3,1.0,Normal Household,Building-Wide Water Loss,No,,Normal,None
2026-07-04,B105,A501,3,672.6,1.5,Normal Household,Building-Wide Water Loss,No,,Normal,None
2026-07-05,B105,A501,3,686.1,0.4,Normal Household,Building-Wide Water Loss,No,,Normal,None
2026-07-06,B105,A501,3,616.6,1.0,Normal Household,Building-Wide Water Loss,No,,Normal,None
2026-07-07,B105,A501,3,559.4,0.4,Normal Household,Building-Wide Water Loss,No,,Normal,None
2026-07-08,B105,A501,3,598.7,0.6,Normal Household,Building-Wide Water Loss,No,,Normal,None
2026-07-09,B105,A501,3,604.2,1.1,Normal Household,Building-Wide Water Loss,No,,Normal,None
2026-07-10,B105,A501,3,706.2,1.5,Normal Household,Building-Wide Water Loss,No,,Normal,None
2026-07-11,B105,A501,3,629.0,0.7,Normal Household,Building-Wide Water Loss,No,,Normal,None
2026-07-12,B105,A501,3,685.9,0.5,Normal Household,Building-Wide Water Loss,No,,Normal,None
2026-07-13,B105,A501,3,612.7,0.9,Normal Household,Building-Wide Water Loss,No,,Normal,None
2026-07-14,B105,A501,3,576.9,1.1,Normal Household,Building-Wide Water Loss,No,,Normal,None
2026-07-15,B105,A501,3,620.5,1.2,Normal Household,Building-Wide Water Loss,No,,Normal,None
2026-07-16,B105,A501,3,642.8,0.9,Normal Household,Building-Wide Water Loss,No,,Normal,None
2026-07-17,B105,A501,3,754.2,0.5,Normal Household,Building-Wide Water Loss,No,,Normal,None
2026-07-18,B105,A501,3,639.0,1.3,Normal Household,Building-Wide Water Loss,No,,Normal,None
2026-07-19,B105,A501,3,651.0,0.8,Normal Household,Building-Wide Water Loss,No,,Normal,None
2026-07-20,B105,A501,3,539.3,1.0,Normal Household,Building-Wide Water Loss,No,,Normal,None
2026-07-21,B105,A501,3,650.2,0.7,Normal Household,Building-Wide Water Loss,No,,Normal,None
2026-07-22,B105,A501,3,657.9,0.9,Normal Household,Building-Wide Water Loss,No,,Normal,None
2026-07-23,B105,A501,3,617.4,0.7,Normal Household,Building-Wide Water Loss,No,,Normal,None
2026-07-24,B105,A501,3,662.3,0.9,Normal Household,Building-Wide Water Loss,No,,Normal,None
2026-07-25,B105,A501,3,715.5,0.6,Normal Household,Building-Wide Water Loss,No,,Normal,None
2026-07-26,B105,A501,3,678.0,0.4,Normal Household,Building-Wide Water Loss,No,,Normal,None
2026-07-27,B105,A501,3,636.2,0.9,Normal Household,Building-Wide Water Loss,No,,Normal,None
2026-07-28,B105,A501,3,587.1,0.7,Normal Household,Building-Wide Water Loss,No,,Normal,None
2026-07-29,B105,A501,3,574.1,0.8,Normal Household,Building-Wide Water Loss,No,,Normal,None
2026-07-30,B105,A501,3,560.1,0.3,Normal Household,Building-Wide Water Loss,No,,Normal,None
2026-07-31,B105,A501,3,658.1,0.0,Normal Household,Building-Wide Water Loss,No,,Normal,None
2026-08-01,B105,A501,3,596.0,0.5,Normal Household,Building-Wide Water Loss,No,,Normal,None
2026-08-02,B105,A501,3,644.9,1.4,Normal Household,Building-Wide Water Loss,No,,Normal,None
2026-08-03,B105,A501,3,483.6,1.0,Normal Household,Building-Wide Water Loss,No,,Normal,None
2026-08-04,B105,A501,3,489.2,1.6,Normal Household,Building-Wide Water Loss,No,,Normal,None
2026-08-05,B105,A501,3,508.7,0.4,Normal Household,Building-Wide Water Loss,No,,Normal,None
2026-08-06,B105,A501,3,603.4,1.6,Normal Household,Building-Wide Water Loss,No,,Normal,None
2026-08-07,B105,A501,3,639.1,0.6,Normal Household,Building-Wide Water Loss,No,,Normal,None
2026-08-08,B105,A501,3,670.5,0.8,Normal Household,Building-Wide Water Loss,No,,Normal,None
2026-08-09,B105,A501,3,590.1,1.0,Normal Household,Building-Wide Water Loss,No,,Normal,None
2026-08-10,B105,A501,3,632.7,0.5,Normal Household,Building-Wide Water Loss,No,,Normal,None
2026-08-11,B105,A501,3,580.1,1.0,Normal Household,Building-Wide Water Loss,No,,Normal,None
2026-08-12,B105,A501,3,596.8,1.1,Normal Household,Building-Wide Water Loss,No,,Normal,None
2026-08-13,B105,A501,3,582.1,0.9,Normal Household,Building-Wide Water Loss,No,,Normal,None
2026-08-14,B105,A501,3,651.9,1.0,Normal Household,Building-Wide Water Loss,No,,Normal,None
2026-08-15,B105,A501,3,739.1,0.6,Normal Household,Building-Wide Water Loss,No,,Normal,None
2026-08-16,B105,A501,3,638.5,0.1,Normal Household,Building-Wide Water Loss,No,,Normal,None
2026-08-17,B105,A501,3,599.0,0.3,Normal Household,Building-Wide Water Loss,No,,Normal,None
2026-08-18,B105,A501,3,602.1,0.8,Normal Household,Building-Wide Water Loss,No,,Normal,None
2026-08-19,B105,A501,3,594.5,0.6,Normal Household,Building-Wide Water Loss,No,,Normal,None
2026-08-20,B105,A501,3,683.1,0.4,Normal Household,Building-Wide Water Loss,No,,Normal,None
2026-08-21,B105,A501,3,688.8,0.7,Normal Household,Building-Wide Water Loss,No,,Normal,None
2026-08-22,B105,A501,3,667.3,0.5,Normal Household,Building-Wide Water Loss,No,,Normal,None
2026-08-23,B105,A501,3,736.6,0.7,Normal Household,Building-Wide Water Loss,No,,Normal,None
2026-08-24,B105,A501,3,624.4,1.7,Normal Household,Building-Wide Water Loss,No,,Normal,None
2026-08-25,B105,A501,3,620.1,1.3,Normal Household,Building-Wide Water Loss,No,,Normal,None
2026-08-26,B105,A501,3,647.0,0.8,Normal Household,Building-Wide Water Loss,No,,Normal,None
2026-08-27,B105,A501,3,662.9,0.7,Normal Household,Building-Wide Water Loss,No,,Normal,None
2026-08-28,B105,A501,3,668.2,0.6,Normal Household,Building-Wide Water Loss,No,,Normal,None
2026-08-29,B105,A501,3,673.8,0.5,Normal Household,Building-Wide Water Loss,No,,Normal,None
2026-08-30,B105,A501,3,581.3,0.8,Normal Household,Building-Wide Water Loss,No,,Normal,None
2026-08-31,B105,A501,3,581.5,0.8,Normal Household,Building-Wide Water Loss,No,,Normal,None
2026-09-01,B105,A501,3,611.2,0.1,Normal Household,Building-Wide Water Loss,No,,Normal,None
2026-09-02,B105,A501,3,535.6,1.3,Normal Household,Building-Wide Water Loss,No,,Normal,None
2026-09-03,B105,A501,3,580.2,1.2,Normal Household,Building-Wide Water Loss,No,,Normal,None
2026-09-04,B105,A501,3,551.1,0.2,Normal Household,Building-Wide Water Loss,No,,Normal,None
2026-09-05,B105,A501,3,739.2,0.9,Normal Household,Building-Wide Water Loss,No,,Normal,None
2026-09-06,B105,A501,3,610.3,0.0,Normal Household,Building-Wide Water Loss,No,,Normal,None
2026-09-07,B105,A501,3,618.1,0.6,Normal Household,Building-Wide Water Loss,No,,Normal,None
2026-09-08,B105,A501,3,592.1,0.5,Normal Household,Building-Wide Water Loss,No,,Normal,None
2026-09-09,B105,A501,3,687.9,0.7,Normal Household,Building-Wide Water Loss,No,,Normal,None
2026-09-10,B105,A501,3,628.3,0.5,Normal Household,Building-Wide Water Loss,No,,Normal,None
2026-09-11,B105,A501,3,625.9,1.8,Normal Household,Building-Wide Water Loss,No,,Normal,None
2026-09-12,B105,A501,3,659.9,0.9,Normal Household,Building-Wide Water Loss,No,,Normal,None
2026-09-13,B105,A501,3,688.0,1.1,Normal Household,Building-Wide Water Loss,No,,Normal,None
2026-09-14,B105,A501,3,511.9,0.5,Normal Household,Building-Wide Water Loss,No,,Normal,None
2026-09-15,B105,A501,3,569.6,1.0,Normal Household,Building-Wide Water Loss,No,,Normal,None
2026-09-16,B105,A501,3,543.7,1.0,Normal Household,Building-Wide Water Loss,No,,Normal,None
2026-09-17,B105,A501,3,559.1,0.2,Normal Household,Building-Wide Water Loss,No,,Normal,None
2026-09-18,B105,A501,3,608.9,0.4,Normal Household,Building-Wide Water Loss,No,,Normal,None
2026-09-19,B105,A501,3,613.3,1.2,Normal Household,Building-Wide Water Loss,No,,Normal,None
2026-09-20,B105,A501,3,586.3,1.0,Normal Household,Building-Wide Water Loss,No,,Normal,None
2026-09-21,B105,A501,3,575.4,1.2,Normal Household,Building-Wide Water Loss,No,,Normal,None
2026-09-22,B105,A501,3,614.7,1.4,Normal Household,Building-Wide Water Loss,No,,Normal,None
2026-09-23,B105,A501,3,561.8,0.8,Normal Household,Building-Wide Water Loss,No,,Normal,None
2026-09-24,B105,A501,3,559.9,1.1,Normal Household,Building-Wide Water Loss,No,,Normal,None
2026-09-25,B105,A501,3,679.8,1.3,Normal Household,Building-Wide Water Loss,No,,Normal,None
2026-09-26,B105,A501,3,673.2,0.9,Normal Household,Building-Wide Water Loss,No,,Normal,None
2026-06-29,B105,A502,5,738.4,1.5,Normal Household,Building-Wide Water Loss,No,,Normal,None
2026-06-30,B105,A502,5,848.6,0.4,Normal Household,Building-Wide Water Loss,No,,Normal,None
2026-07-01,B105,A502,5,803.6,0.5,Normal Household,Building-Wide Water Loss,No,,Normal,None
2026-07-02,B105,A502,5,876.6,0.4,Normal Household,Building-Wide Water Loss,No,,Normal,None
2026-07-03,B105,A502,5,910.8,1.1,Normal Household,Building-Wide Water Loss,No,,Normal,None
2026-07-04,B105,A502,5,862.8,1.7,Normal Household,Building-Wide Water Loss,No,,Normal,None
2026-07-05,B105,A502,5,990.9,1.1,Normal Household,Building-Wide Water Loss,No,,Normal,None
2026-07-06,B105,A502,5,741.4,1.1,Normal Household,Building-Wide Water Loss,No,,Normal,None
2026-07-07,B105,A502,5,847.3,0.6,Normal Household,Building-Wide Water Loss,No,,Normal,None
2026-07-08,B105,A502,5,776.2,1.2,Normal Household,Building-Wide Water Loss,No,,Normal,None
2026-07-09,B105,A502,5,847.0,0.9,Normal Household,Building-Wide Water Loss,No,,Normal,None
2026-07-10,B105,A502,5,955.9,1.3,Normal Household,Building-Wide Water Loss,No,,Normal,None
2026-07-11,B105,A502,5,1022.8,1.0,Normal Household,Building-Wide Water Loss,No,,Normal,None
2026-07-12,B105,A502,5,903.8,0.3,Normal Household,Building-Wide Water Loss,No,,Normal,None
2026-07-13,B105,A502,5,895.7,0.1,Normal Household,Building-Wide Water Loss,No,,Normal,None
2026-07-14,B105,A502,5,768.4,1.9,Normal Household,Building-Wide Water Loss,No,,Normal,None
2026-07-15,B105,A502,5,812.8,1.0,Normal Household,Building-Wide Water Loss,No,,Normal,None
2026-07-16,B105,A502,5,678.6,0.9,Normal Household,Building-Wide Water Loss,No,,Normal,None
2026-07-17,B105,A502,5,846.3,0.8,Normal Household,Building-Wide Water Loss,No,,Normal,None
2026-07-18,B105,A502,5,899.9,0.4,Normal Household,Building-Wide Water Loss,No,,Normal,None
2026-07-19,B105,A502,5,930.9,0.7,Normal Household,Building-Wide Water Loss,No,,Normal,None
2026-07-20,B105,A502,5,819.1,0.5,Normal Household,Building-Wide Water Loss,No,,Normal,None
2026-07-21,B105,A502,5,716.5,1.3,Normal Household,Building-Wide Water Loss,No,,Normal,None
2026-07-22,B105,A502,5,862.0,0.2,Normal Household,Building-Wide Water Loss,No,,Normal,None
2026-07-23,B105,A502,5,744.2,1.5,Normal Household,Building-Wide Water Loss,No,,Normal,None
2026-07-24,B105,A502,5,859.3,0.9,Normal Household,Building-Wide Water Loss,No,,Normal,None
2026-07-25,B105,A502,5,859.7,0.0,Normal Household,Building-Wide Water Loss,No,,Normal,None
2026-07-26,B105,A502,5,922.3,0.7,Normal Household,Building-Wide Water Loss,No,,Normal,None
2026-07-27,B105,A502,5,794.1,0.2,Normal Household,Building-Wide Water Loss,No,,Normal,None
2026-07-28,B105,A502,5,777.3,0.7,Normal Household,Building-Wide Water Loss,No,,Normal,None
2026-07-29,B105,A502,5,798.5,1.1,Normal Household,Building-Wide Water Loss,No,,Normal,None
2026-07-30,B105,A502,5,718.1,1.2,Normal Household,Building-Wide Water Loss,No,,Normal,None
2026-07-31,B105,A502,5,830.0,0.7,Normal Household,Building-Wide Water Loss,No,,Normal,None
2026-08-01,B105,A502,5,855.4,1.0,Normal Household,Building-Wide Water Loss,No,,Normal,None
2026-08-02,B105,A502,5,823.9,1.1,Normal Household,Building-Wide Water Loss,No,,Normal,None
2026-08-03,B105,A502,5,700.5,0.7,Normal Household,Building-Wide Water Loss,No,,Normal,None
2026-08-04,B105,A502,5,683.8,0.6,Normal Household,Building-Wide Water Loss,No,,Normal,None
2026-08-05,B105,A502,5,812.6,0.8,Normal Household,Building-Wide Water Loss,No,,Normal,None
2026-08-06,B105,A502,5,741.4,0.3,Normal Household,Building-Wide Water Loss,No,,Normal,None
2026-08-07,B105,A502,5,859.4,1.3,Normal Household,Building-Wide Water Loss,No,,Normal,None
2026-08-08,B105,A502,5,918.9,0.6,Normal Household,Building-Wide Water Loss,No,,Normal,None
2026-08-09,B105,A502,5,812.3,1.0,Normal Household,Building-Wide Water Loss,No,,Normal,None
2026-08-10,B105,A502,5,774.6,0.7,Normal Household,Building-Wide Water Loss,No,,Normal,None
2026-08-11,B105,A502,5,806.9,0.4,Normal Household,Building-Wide Water Loss,No,,Normal,None
2026-08-12,B105,A502,5,714.1,1.2,Normal Household,Building-Wide Water Loss,No,,Normal,None
2026-08-13,B105,A502,5,819.7,0.6,Normal Household,Building-Wide Water Loss,No,,Normal,None
2026-08-14,B105,A502,5,791.2,1.4,Normal Household,Building-Wide Water Loss,No,,Normal,None
2026-08-15,B105,A502,5,930.6,1.1,Normal Household,Building-Wide Water Loss,No,,Normal,None
2026-08-16,B105,A502,5,871.4,0.4,Normal Household,Building-Wide Water Loss,No,,Normal,None
2026-08-17,B105,A502,5,817.0,0.8,Normal Household,Building-Wide Water Loss,No,,Normal,None
2026-08-18,B105,A502,5,757.0,0.9,Normal Household,Building-Wide Water Loss,No,,Normal,None
2026-08-19,B105,A502,5,790.3,1.0,Normal Household,Building-Wide Water Loss,No,,Normal,None
2026-08-20,B105,A502,5,803.7,0.0,Normal Household,Building-Wide Water Loss,No,,Normal,None
2026-08-21,B105,A502,5,880.9,0.5,Normal Household,Building-Wide Water Loss,No,,Normal,None
2026-08-22,B105,A502,5,861.6,0.7,Normal Household,Building-Wide Water Loss,No,,Normal,None
2026-08-23,B105,A502,5,929.4,0.8,Normal Household,Building-Wide Water Loss,No,,Normal,None
2026-08-24,B105,A502,5,808.3,1.0,Normal Household,Building-Wide Water Loss,No,,Normal,None
2026-08-25,B105,A502,5,900.3,0.8,Normal Household,Building-Wide Water Loss,No,,Normal,None
2026-08-26,B105,A502,5,852.3,0.5,Normal Household,Building-Wide Water Loss,No,,Normal,None
2026-08-27,B105,A502,5,778.7,1.9,Normal Household,Building-Wide Water Loss,No,,Normal,None
2026-08-28,B105,A502,5,901.4,0.1,Normal Household,Building-Wide Water Loss,No,,Normal,None
2026-08-29,B105,A502,5,887.3,0.7,Normal Household,Building-Wide Water Loss,No,,Normal,None
2026-08-30,B105,A502,5,903.5,1.3,Normal Household,Building-Wide Water Loss,No,,Normal,None
2026-08-31,B105,A502,5,840.6,1.1,Normal Household,Building-Wide Water Loss,No,,Normal,None
2026-09-01,B105,A502,5,811.1,1.0,Normal Household,Building-Wide Water Loss,No,,Normal,None
2026-09-02,B105,A502,5,804.6,1.9,Normal Household,Building-Wide Water Loss,No,,Normal,None
2026-09-03,B105,A502,5,850.2,0.0,Normal Household,Building-Wide Water Loss,No,,Normal,None
2026-09-04,B105,A502,5,845.4,1.2,Normal Household,Building-Wide Water Loss,No,,Normal,None
2026-09-05,B105,A502,5,846.1,1.7,Normal Household,Building-Wide Water Loss,No,,Normal,None
2026-09-06,B105,A502,5,796.2,0.8,Normal Household,Building-Wide Water Loss,No,,Normal,None
2026-09-07,B105,A502,5,729.8,0.4,Normal Household,Building-Wide Water Loss,No,,Normal,None
2026-09-08,B105,A502,5,793.4,0.9,Normal Household,Building-Wide Water Loss,No,,Normal,None
2026-09-09,B105,A502,5,781.9,1.2,Normal Household,Building-Wide Water Loss,No,,Normal,None
2026-09-10,B105,A502,5,740.5,1.1,Normal Household,Building-Wide Water Loss,No,,Normal,None
2026-09-11,B105,A502,5,798.9,0.7,Normal Household,Building-Wide Water Loss,No,,Normal,None
2026-09-12,B105,A502,5,852.6,0.6,Normal Household,Building-Wide Water Loss,No,,Normal,None
2026-09-13,B105,A502,5,912.6,0.8,Normal Household,Building-Wide Water Loss,No,,Normal,None
2026-09-14,B105,A502,5,776.4,1.0,Normal Household,Building-Wide Water Loss,No,,Normal,None
2026-09-15,B105,A502,5,749.0,1.5,Normal Household,Building-Wide Water Loss,No,,Normal,None
2026-09-16,B105,A502,5,735.5,0.9,Normal Household,Building-Wide Water Loss,No,,Normal,None
2026-09-17,B105,A502,5,773.9,0.4,Normal Household,Building-Wide Water Loss,No,,Normal,None
2026-09-18,B105,A502,5,836.4,0.0,Normal Household,Building-Wide Water Loss,No,,Normal,None
2026-09-19,B105,A502,5,813.8,1.3,Normal Household,Building-Wide Water Loss,No,,Normal,None
2026-09-20,B105,A502,5,773.7,0.8,Normal Household,Building-Wide Water Loss,No,,Normal,None
2026-09-21,B105,A502,5,728.4,0.6,Normal Household,Building-Wide Water Loss,No,,Normal,None
2026-09-22,B105,A502,5,746.7,0.7,Normal Household,Building-Wide Water Loss,No,,Normal,None
2026-09-23,B105,A502,5,740.3,0.6,Normal Household,Building-Wide Water Loss,No,,Normal,None
2026-09-24,B105,A502,5,827.8,0.1,Normal Household,Building-Wide Water Loss,No,,Normal,None
2026-09-25,B105,A502,5,825.6,0.8,Normal Household,Building-Wide Water Loss,No,,Normal,None
2026-09-26,B105,A502,5,853.6,0.7,Normal Household,Building-Wide Water Loss,No,,Normal,None
2026-06-29,B105,A503,4,624.0,1.1,High Legitimate Usage,Building-Wide Water Loss,No,,Normal,None
2026-06-30,B105,A503,4,642.2,0.7,High Legitimate Usage,Building-Wide Water Loss,No,,Normal,None
2026-07-01,B105,A503,4,747.9,0.2,High Legitimate Usage,Building-Wide Water Loss,No,,Normal,None
2026-07-02,B105,A503,4,692.8,1.1,High Legitimate Usage,Building-Wide Water Loss,No,,Normal,None
2026-07-03,B105,A503,4,742.4,0.6,High Legitimate Usage,Building-Wide Water Loss,No,,Normal,None
2026-07-04,B105,A503,4,777.1,0.8,High Legitimate Usage,Building-Wide Water Loss,No,,Normal,None
2026-07-05,B105,A503,4,898.2,0.8,High Legitimate Usage,Building-Wide Water Loss,No,,Normal,None
2026-07-06,B105,A503,4,650.5,0.3,High Legitimate Usage,Building-Wide Water Loss,No,,Normal,None
2026-07-07,B105,A503,4,671.4,1.0,High Legitimate Usage,Building-Wide Water Loss,No,,Normal,None
2026-07-08,B105,A503,4,745.9,0.7,High Legitimate Usage,Building-Wide Water Loss,No,,Normal,None
2026-07-09,B105,A503,4,736.7,0.8,High Legitimate Usage,Building-Wide Water Loss,No,,Normal,None
2026-07-10,B105,A503,4,871.3,0.9,High Legitimate Usage,Building-Wide Water Loss,No,,Normal,None
2026-07-11,B105,A503,4,854.2,1.3,High Legitimate Usage,Building-Wide Water Loss,No,,Normal,None
2026-07-12,B105,A503,4,788.2,0.8,High Legitimate Usage,Building-Wide Water Loss,No,,Normal,None
2026-07-13,B105,A503,4,729.1,1.4,High Legitimate Usage,Building-Wide Water Loss,No,,Normal,None
2026-07-14,B105,A503,4,710.7,0.5,High Legitimate Usage,Building-Wide Water Loss,No,,Normal,None
2026-07-15,B105,A503,4,751.4,1.1,High Legitimate Usage,Building-Wide Water Loss,No,,Normal,None
2026-07-16,B105,A503,4,734.5,0.9,High Legitimate Usage,Building-Wide Water Loss,No,,Normal,None
2026-07-17,B105,A503,4,1635.9,0.1,High Legitimate Usage,Building-Wide Water Loss,Yes,,Smart Form Required,None
2026-07-18,B105,A503,4,1655.5,1.2,High Legitimate Usage,Building-Wide Water Loss,Yes,,Smart Form Required,None
2026-07-19,B105,A503,4,1525.6,0.6,High Legitimate Usage,Building-Wide Water Loss,Yes,Yes — expected high usage,Smart Form Required,None
2026-07-20,B105,A503,4,644.7,0.5,High Legitimate Usage,Building-Wide Water Loss,No,,Normal,None
2026-07-21,B105,A503,4,721.5,0.1,High Legitimate Usage,Building-Wide Water Loss,No,,Normal,None
2026-07-22,B105,A503,4,695.7,0.9,High Legitimate Usage,Building-Wide Water Loss,No,,Normal,None
2026-07-23,B105,A503,4,731.1,0.1,High Legitimate Usage,Building-Wide Water Loss,No,,Normal,None
2026-07-24,B105,A503,4,730.1,1.3,High Legitimate Usage,Building-Wide Water Loss,No,,Normal,None
2026-07-25,B105,A503,4,631.1,1.9,High Legitimate Usage,Building-Wide Water Loss,No,,Normal,None
2026-07-26,B105,A503,4,713.6,0.8,High Legitimate Usage,Building-Wide Water Loss,No,,Normal,None
2026-07-27,B105,A503,4,689.1,0.2,High Legitimate Usage,Building-Wide Water Loss,No,,Normal,None
2026-07-28,B105,A503,4,587.8,0.0,High Legitimate Usage,Building-Wide Water Loss,No,,Normal,None
2026-07-29,B105,A503,4,528.1,1.6,High Legitimate Usage,Building-Wide Water Loss,No,,Normal,None
2026-07-30,B105,A503,4,700.6,0.8,High Legitimate Usage,Building-Wide Water Loss,No,,Normal,None
2026-07-31,B105,A503,4,742.9,0.7,High Legitimate Usage,Building-Wide Water Loss,No,,Normal,None
2026-08-01,B105,A503,4,723.1,0.7,High Legitimate Usage,Building-Wide Water Loss,No,,Normal,None
2026-08-02,B105,A503,4,716.0,0.0,High Legitimate Usage,Building-Wide Water Loss,No,,Normal,None
2026-08-03,B105,A503,4,733.0,0.8,High Legitimate Usage,Building-Wide Water Loss,No,,Normal,None
2026-08-04,B105,A503,4,660.7,0.2,High Legitimate Usage,Building-Wide Water Loss,No,,Normal,None
2026-08-05,B105,A503,4,648.4,0.5,High Legitimate Usage,Building-Wide Water Loss,No,,Normal,None
2026-08-06,B105,A503,4,648.0,1.1,High Legitimate Usage,Building-Wide Water Loss,No,,Normal,None
2026-08-07,B105,A503,4,765.3,0.7,High Legitimate Usage,Building-Wide Water Loss,No,,Normal,None
2026-08-08,B105,A503,4,812.9,0.2,High Legitimate Usage,Building-Wide Water Loss,No,,Normal,None
2026-08-09,B105,A503,4,719.2,1.0,High Legitimate Usage,Building-Wide Water Loss,No,,Normal,None
2026-08-10,B105,A503,4,680.1,0.9,High Legitimate Usage,Building-Wide Water Loss,No,,Normal,None
2026-08-11,B105,A503,4,666.8,0.8,High Legitimate Usage,Building-Wide Water Loss,No,,Normal,None
2026-08-12,B105,A503,4,708.5,0.9,High Legitimate Usage,Building-Wide Water Loss,No,,Normal,None
2026-08-13,B105,A503,4,660.4,1.1,High Legitimate Usage,Building-Wide Water Loss,No,,Normal,None
2026-08-14,B105,A503,4,661.3,1.1,High Legitimate Usage,Building-Wide Water Loss,No,,Normal,None
2026-08-15,B105,A503,4,762.8,1.8,High Legitimate Usage,Building-Wide Water Loss,No,,Normal,None
2026-08-16,B105,A503,4,1606.3,0.7,High Legitimate Usage,Building-Wide Water Loss,Yes,,Smart Form Required,None
2026-08-17,B105,A503,4,1617.9,0.1,High Legitimate Usage,Building-Wide Water Loss,Yes,,Smart Form Required,None
2026-08-18,B105,A503,4,707.9,0.3,High Legitimate Usage,Building-Wide Water Loss,No,,Normal,None
2026-08-19,B105,A503,4,744.7,1.4,High Legitimate Usage,Building-Wide Water Loss,No,,Normal,None
2026-08-20,B105,A503,4,768.9,0.7,High Legitimate Usage,Building-Wide Water Loss,No,,Normal,None
2026-08-21,B105,A503,4,774.6,0.0,High Legitimate Usage,Building-Wide Water Loss,No,,Normal,None
2026-08-22,B105,A503,4,883.8,1.4,High Legitimate Usage,Building-Wide Water Loss,No,,Normal,None
2026-08-23,B105,A503,4,785.1,0.6,High Legitimate Usage,Building-Wide Water Loss,No,,Normal,None
2026-08-24,B105,A503,4,733.6,0.6,High Legitimate Usage,Building-Wide Water Loss,No,,Normal,None
2026-08-25,B105,A503,4,754.7,1.3,High Legitimate Usage,Building-Wide Water Loss,No,,Normal,None
2026-08-26,B105,A503,4,756.3,0.8,High Legitimate Usage,Building-Wide Water Loss,No,,Normal,None
2026-08-27,B105,A503,4,721.2,1.6,High Legitimate Usage,Building-Wide Water Loss,No,,Normal,None
2026-08-28,B105,A503,4,812.0,1.6,High Legitimate Usage,Building-Wide Water Loss,No,,Normal,None
2026-08-29,B105,A503,4,845.6,0.1,High Legitimate Usage,Building-Wide Water Loss,No,,Normal,None
2026-08-30,B105,A503,4,755.9,0.9,High Legitimate Usage,Building-Wide Water Loss,No,,Normal,None
2026-08-31,B105,A503,4,647.6,0.3,High Legitimate Usage,Building-Wide Water Loss,No,,Normal,None
2026-09-01,B105,A503,4,681.3,1.0,High Legitimate Usage,Building-Wide Water Loss,No,,Normal,None
2026-09-02,B105,A503,4,648.9,1.0,High Legitimate Usage,Building-Wide Water Loss,No,,Normal,None
2026-09-03,B105,A503,4,694.3,1.2,High Legitimate Usage,Building-Wide Water Loss,No,,Normal,None
2026-09-04,B105,A503,4,787.3,1.1,High Legitimate Usage,Building-Wide Water Loss,No,,Normal,None
2026-09-05,B105,A503,4,741.3,1.9,High Legitimate Usage,Building-Wide Water Loss,No,,Normal,None
2026-09-06,B105,A503,4,749.7,1.4,High Legitimate Usage,Building-Wide Water Loss,No,,Normal,None
2026-09-07,B105,A503,4,787.9,1.1,High Legitimate Usage,Building-Wide Water Loss,No,,Normal,None
2026-09-08,B105,A503,4,698.5,0.6,High Legitimate Usage,Building-Wide Water Loss,No,,Normal,None
2026-09-09,B105,A503,4,711.7,1.9,High Legitimate Usage,Building-Wide Water Loss,No,,Normal,None
2026-09-10,B105,A503,4,579.8,0.6,High Legitimate Usage,Building-Wide Water Loss,No,,Normal,None
2026-09-11,B105,A503,4,664.8,0.5,High Legitimate Usage,Building-Wide Water Loss,No,,Normal,None
2026-09-12,B105,A503,4,684.1,0.7,High Legitimate Usage,Building-Wide Water Loss,No,,Normal,None
2026-09-13,B105,A503,4,672.1,1.3,High Legitimate Usage,Building-Wide Water Loss,No,,Normal,None
2026-09-14,B105,A503,4,560.9,0.3,High Legitimate Usage,Building-Wide Water Loss,No,,Normal,None
2026-09-15,B105,A503,4,612.2,0.9,High Legitimate Usage,Building-Wide Water Loss,No,,Normal,None
2026-09-16,B105,A503,4,670.3,1.3,High Legitimate Usage,Building-Wide Water Loss,No,,Normal,None
2026-09-17,B105,A503,4,655.6,0.5,High Legitimate Usage,Building-Wide Water Loss,No,,Normal,None
2026-09-18,B105,A503,4,787.9,0.5,High Legitimate Usage,Building-Wide Water Loss,No,,Normal,None
2026-09-19,B105,A503,4,731.9,0.1,High Legitimate Usage,Building-Wide Water Loss,No,,Normal,None
2026-09-20,B105,A503,4,840.2,0.8,High Legitimate Usage,Building-Wide Water Loss,No,,Normal,None
2026-09-21,B105,A503,4,662.3,0.7,High Legitimate Usage,Building-Wide Water Loss,No,,Normal,None
2026-09-22,B105,A503,4,657.6,0.8,High Legitimate Usage,Building-Wide Water Loss,No,,Normal,None
2026-09-23,B105,A503,4,618.9,2.1,High Legitimate Usage,Building-Wide Water Loss,No,,Normal,None
2026-09-24,B105,A503,4,633.1,0.9,High Legitimate Usage,Building-Wide Water Loss,No,,Normal,None
2026-09-25,B105,A503,4,700.0,0.1,High Legitimate Usage,Building-Wide Water Loss,No,,Normal,None
2026-09-26,B105,A503,4,789.4,0.5,High Legitimate Usage,Building-Wide Water Loss,No,,Normal,None
2026-06-29,B105,A504,5,811.4,0.8,Normal Household,Building-Wide Water Loss,No,,Normal,None
2026-06-30,B105,A504,5,785.0,0.4,Normal Household,Building-Wide Water Loss,No,,Normal,None
2026-07-01,B105,A504,5,841.1,1.5,Normal Household,Building-Wide Water Loss,No,,Normal,None
2026-07-02,B105,A504,5,782.9,1.1,Normal Household,Building-Wide Water Loss,No,,Normal,None
2026-07-03,B105,A504,5,1010.9,1.0,Normal Household,Building-Wide Water Loss,No,,Normal,None
2026-07-04,B105,A504,5,919.7,0.6,Normal Household,Building-Wide Water Loss,No,,Normal,None
2026-07-05,B105,A504,5,1012.4,0.5,Normal Household,Building-Wide Water Loss,No,,Normal,None
2026-07-06,B105,A504,5,888.6,2.0,Normal Household,Building-Wide Water Loss,No,,Normal,None
2026-07-07,B105,A504,5,913.9,0.9,Normal Household,Building-Wide Water Loss,No,,Normal,None
2026-07-08,B105,A504,5,890.2,0.9,Normal Household,Building-Wide Water Loss,No,,Normal,None
2026-07-09,B105,A504,5,872.8,0.4,Normal Household,Building-Wide Water Loss,No,,Normal,None
2026-07-10,B105,A504,5,956.3,0.5,Normal Household,Building-Wide Water Loss,No,,Normal,None
2026-07-11,B105,A504,5,1012.8,0.7,Normal Household,Building-Wide Water Loss,No,,Normal,None
2026-07-12,B105,A504,5,880.4,1.5,Normal Household,Building-Wide Water Loss,No,,Normal,None
2026-07-13,B105,A504,5,799.6,1.3,Normal Household,Building-Wide Water Loss,No,,Normal,None
2026-07-14,B105,A504,5,882.8,0.0,Normal Household,Building-Wide Water Loss,No,,Normal,None
2026-07-15,B105,A504,5,947.8,0.6,Normal Household,Building-Wide Water Loss,No,,Normal,None
2026-07-16,B105,A504,5,806.3,0.7,Normal Household,Building-Wide Water Loss,No,,Normal,None
2026-07-17,B105,A504,5,923.6,1.5,Normal Household,Building-Wide Water Loss,No,,Normal,None
2026-07-18,B105,A504,5,1018.5,0.6,Normal Household,Building-Wide Water Loss,No,,Normal,None
2026-07-19,B105,A504,5,953.0,0.5,Normal Household,Building-Wide Water Loss,No,,Normal,None
2026-07-20,B105,A504,5,832.8,0.4,Normal Household,Building-Wide Water Loss,No,,Normal,None
2026-07-21,B105,A504,5,807.5,0.5,Normal Household,Building-Wide Water Loss,No,,Normal,None
2026-07-22,B105,A504,5,858.5,0.0,Normal Household,Building-Wide Water Loss,No,,Normal,None
2026-07-23,B105,A504,5,782.6,1.7,Normal Household,Building-Wide Water Loss,No,,Normal,None
2026-07-24,B105,A504,5,911.4,0.9,Normal Household,Building-Wide Water Loss,No,,Normal,None
2026-07-25,B105,A504,5,952.5,1.2,Normal Household,Building-Wide Water Loss,No,,Normal,None
2026-07-26,B105,A504,5,876.0,0.9,Normal Household,Building-Wide Water Loss,No,,Normal,None
2026-07-27,B105,A504,5,746.6,0.6,Normal Household,Building-Wide Water Loss,No,,Normal,None
2026-07-28,B105,A504,5,798.8,1.2,Normal Household,Building-Wide Water Loss,No,,Normal,None
2026-07-29,B105,A504,5,819.3,0.6,Normal Household,Building-Wide Water Loss,No,,Normal,None
2026-07-30,B105,A504,5,754.2,0.8,Normal Household,Building-Wide Water Loss,No,,Normal,None
2026-07-31,B105,A504,5,958.4,0.4,Normal Household,Building-Wide Water Loss,No,,Normal,None
2026-08-01,B105,A504,5,877.6,0.4,Normal Household,Building-Wide Water Loss,No,,Normal,None
2026-08-02,B105,A504,5,916.6,0.7,Normal Household,Building-Wide Water Loss,No,,Normal,None
2026-08-03,B105,A504,5,811.1,1.6,Normal Household,Building-Wide Water Loss,No,,Normal,None
2026-08-04,B105,A504,5,817.0,0.7,Normal Household,Building-Wide Water Loss,No,,Normal,None
2026-08-05,B105,A504,5,754.2,0.6,Normal Household,Building-Wide Water Loss,No,,Normal,None
2026-08-06,B105,A504,5,846.3,1.5,Normal Household,Building-Wide Water Loss,No,,Normal,None
2026-08-07,B105,A504,5,894.0,1.5,Normal Household,Building-Wide Water Loss,No,,Normal,None
2026-08-08,B105,A504,5,946.9,0.1,Normal Household,Building-Wide Water Loss,No,,Normal,None
2026-08-09,B105,A504,5,878.1,1.4,Normal Household,Building-Wide Water Loss,No,,Normal,None
2026-08-10,B105,A504,5,818.4,0.6,Normal Household,Building-Wide Water Loss,No,,Normal,None
2026-08-11,B105,A504,5,913.9,0.5,Normal Household,Building-Wide Water Loss,No,,Normal,None
2026-08-12,B105,A504,5,808.8,1.4,Normal Household,Building-Wide Water Loss,No,,Normal,None
2026-08-13,B105,A504,5,836.3,0.9,Normal Household,Building-Wide Water Loss,No,,Normal,None
2026-08-14,B105,A504,5,1006.2,0.7,Normal Household,Building-Wide Water Loss,No,,Normal,None
2026-08-15,B105,A504,5,896.6,0.5,Normal Household,Building-Wide Water Loss,No,,Normal,None
2026-08-16,B105,A504,5,952.5,1.3,Normal Household,Building-Wide Water Loss,No,,Normal,None
2026-08-17,B105,A504,5,914.5,0.1,Normal Household,Building-Wide Water Loss,No,,Normal,None
2026-08-18,B105,A504,5,794.2,1.0,Normal Household,Building-Wide Water Loss,No,,Normal,None
2026-08-19,B105,A504,5,852.4,0.2,Normal Household,Building-Wide Water Loss,No,,Normal,None
2026-08-20,B105,A504,5,928.1,1.2,Normal Household,Building-Wide Water Loss,No,,Normal,None
2026-08-21,B105,A504,5,959.8,1.5,Normal Household,Building-Wide Water Loss,No,,Normal,None
2026-08-22,B105,A504,5,967.8,1.3,Normal Household,Building-Wide Water Loss,No,,Normal,None
2026-08-23,B105,A504,5,964.0,1.7,Normal Household,Building-Wide Water Loss,No,,Normal,None
2026-08-24,B105,A504,5,881.8,1.2,Normal Household,Building-Wide Water Loss,No,,Normal,None
2026-08-25,B105,A504,5,798.9,1.7,Normal Household,Building-Wide Water Loss,No,,Normal,None
2026-08-26,B105,A504,5,928.2,1.2,Normal Household,Building-Wide Water Loss,No,,Normal,None
2026-08-27,B105,A504,5,847.8,0.8,Normal Household,Building-Wide Water Loss,No,,Normal,None
2026-08-28,B105,A504,5,996.7,0.9,Normal Household,Building-Wide Water Loss,No,,Normal,None
2026-08-29,B105,A504,5,1003.0,0.3,Normal Household,Building-Wide Water Loss,No,,Normal,None
2026-08-30,B105,A504,5,936.1,0.3,Normal Household,Building-Wide Water Loss,No,,Normal,None
2026-08-31,B105,A504,5,848.5,0.6,Normal Household,Building-Wide Water Loss,No,,Normal,None
2026-09-01,B105,A504,5,835.8,0.4,Normal Household,Building-Wide Water Loss,No,,Normal,None
2026-09-02,B105,A504,5,893.8,0.9,Normal Household,Building-Wide Water Loss,No,,Normal,None
2026-09-03,B105,A504,5,825.0,0.3,Normal Household,Building-Wide Water Loss,No,,Normal,None
2026-09-04,B105,A504,5,800.7,0.9,Normal Household,Building-Wide Water Loss,No,,Normal,None
2026-09-05,B105,A504,5,899.6,0.4,Normal Household,Building-Wide Water Loss,No,,Normal,None
2026-09-06,B105,A504,5,957.5,0.4,Normal Household,Building-Wide Water Loss,No,,Normal,None
2026-09-07,B105,A504,5,782.6,0.9,Normal Household,Building-Wide Water Loss,No,,Normal,None
2026-09-08,B105,A504,5,876.9,0.0,Normal Household,Building-Wide Water Loss,No,,Normal,None
2026-09-09,B105,A504,5,841.3,1.3,Normal Household,Building-Wide Water Loss,No,,Normal,None
2026-09-10,B105,A504,5,835.0,0.2,Normal Household,Building-Wide Water Loss,No,,Normal,None
2026-09-11,B105,A504,5,860.8,0.6,Normal Household,Building-Wide Water Loss,No,,Normal,None
2026-09-12,B105,A504,5,861.8,1.3,Normal Household,Building-Wide Water Loss,No,,Normal,None
2026-09-13,B105,A504,5,911.8,0.7,Normal Household,Building-Wide Water Loss,No,,Normal,None
2026-09-14,B105,A504,5,859.0,1.4,Normal Household,Building-Wide Water Loss,No,,Normal,None
2026-09-15,B105,A504,5,799.4,0.9,Normal Household,Building-Wide Water Loss,No,,Normal,None
2026-09-16,B105,A504,5,888.8,1.1,Normal Household,Building-Wide Water Loss,No,,Normal,None
2026-09-17,B105,A504,5,754.3,0.7,Normal Household,Building-Wide Water Loss,No,,Normal,None
2026-09-18,B105,A504,5,800.8,0.6,Normal Household,Building-Wide Water Loss,No,,Normal,None
2026-09-19,B105,A504,5,916.3,1.1,Normal Household,Building-Wide Water Loss,No,,Normal,None
2026-09-20,B105,A504,5,876.0,1.1,Normal Household,Building-Wide Water Loss,No,,Normal,None
2026-09-21,B105,A504,5,755.9,0.3,Normal Household,Building-Wide Water Loss,No,,Normal,None
2026-09-22,B105,A504,5,908.6,0.8,Normal Household,Building-Wide Water Loss,No,,Normal,None
2026-09-23,B105,A504,5,858.1,0.9,Normal Household,Building-Wide Water Loss,No,,Normal,None
2026-09-24,B105,A504,5,825.8,0.9,Normal Household,Building-Wide Water Loss,No,,Normal,None
2026-09-25,B105,A504,5,961.5,0.2,Normal Household,Building-Wide Water Loss,No,,Normal,None
2026-09-26,B105,A504,5,1007.6,0.9,Normal Household,Building-Wide Water Loss,No,,Normal,None
